t,zx,zy,zz,innov_x,innov_y,innov_z,mahalanobis_pos,accepted_pos,vx,vy,vz,innov_vx,innov_vy,innov_vz,mahalanobis_vel,accepted_vel
0.000000,0.000000,0.000000,0.000000,0.001565,-0.000723,-0.000001,0.000300,1,-15.810932,7.302889,0.006935,0.000013,-0.000019,0.000007,0.000004,1
0.110016,-14.453736,22.710722,-0.044059,-12.868054,21.954817,-0.043390,218.245245,0,-15.835567,7.651812,-0.014537,0.002955,0.098400,-0.007643,0.736229,1
0.210064,33.585806,11.885751,-0.058139,36.749394,10.394311,-0.054421,490.793145,0,-15.774136,7.359131,-0.029674,0.043799,-0.120804,-0.008353,0.894109,1
0.310176,-11.958549,6.502365,-0.101543,-7.146245,4.226144,-0.095880,23.569556,0,-16.332769,7.772184,-0.020848,-0.255712,0.125683,0.001636,3.802802,1
0.419992,-13.387950,13.023155,-0.004095,-6.853051,9.952581,0.004106,48.533393,0,-15.804679,7.358618,-0.023014,0.179924,-0.190038,0.000968,2.993492,1
0.530098,-19.946175,5.634672,-0.084374,-11.752769,1.635259,-0.073985,46.585125,0,-15.394354,8.152041,-0.016165,0.369996,0.316733,-0.004179,10.012455,1
0.630043,-21.126585,30.950952,-0.093675,-12.956620,27.010986,-0.084230,297.427135,0,-15.606005,7.433721,-0.004411,0.101680,-0.257860,0.004401,2.907233,1
0.730101,-7.842220,32.699598,-0.104957,1.864895,28.048285,-0.094609,262.134854,0,-15.509863,7.354190,-0.006234,0.136487,-0.248858,-0.000507,3.061815,1
0.840059,-32.906178,16.318193,-0.127633,-19.879117,10.026992,-0.117275,165.688479,0,-15.819613,7.853793,0.007252,-0.088484,0.070014,-0.006846,0.524511,1
0.940078,-9.490456,3.931259,-0.119659,1.735999,-1.040559,-0.037224,12.005478,1,-15.735898,7.594723,0.029400,-0.009184,-0.133788,-0.006156,0.738400,1
1.040067,5.173118,12.743924,-0.116412,16.384291,7.777070,-0.036387,151.388149,0,-15.576127,7.679488,0.056978,0.097718,-0.031757,0.014975,0.391711,1
1.140056,-99.862737,19.368776,-0.166736,-85.510316,12.820577,-0.095713,3446.610719,0,-15.723491,7.978984,0.041288,-0.017740,0.123929,-0.000730,0.625800,1
1.250072,-23.620176,2.287948,-0.171154,-7.464499,-5.054066,-0.105818,38.405224,0,-16.163620,7.440646,0.045686,-0.256763,-0.254469,0.006269,5.298757,1
1.350063,-39.290361,-6.079980,-0.137751,-21.540208,-14.190054,-0.076141,308.209920,0,-15.263421,6.545063,0.039321,0.682863,-1.136272,0.002054,25.124172,0
1.450121,-37.630710,16.584362,-0.198710,-18.210705,7.749923,-0.139872,182.547396,0,-16.316147,7.473262,0.027020,-0.181169,-0.113522,-0.000418,2.012882,1
1.560088,-42.530333,7.339921,-0.149322,-21.471837,-2.278557,-0.090994,213.833343,0,-15.550240,7.346640,0.009441,0.356896,-0.119479,-0.005217,6.152206,1
1.660090,-31.541905,36.054218,-0.185723,-9.071254,25.668313,-0.123639,343.615074,0,-15.137608,7.519913,-0.002804,0.459368,0.069025,-0.017043,9.219142,1
1.760150,-41.793533,11.077870,-0.163872,-17.621795,-0.059051,-0.099406,145.193856,0,-16.219083,7.462322,0.008375,-0.359352,0.020668,-0.015779,5.313724,1
1.870150,-36.169105,102.598822,-0.113840,-12.071689,91.456552,-0.047081,3930.694502,0,-15.494700,7.467565,0.015839,0.229590,0.016292,-0.007076,2.032419,1
1.970110,-38.103312,7.174550,-0.237940,-10.699937,-5.585188,-0.173495,66.959277,0,-15.755362,7.630958,0.016454,0.002315,0.168904,-0.009376,1.195713,1
2.080099,-38.735746,39.579104,-0.238230,-9.723271,25.973227,-0.172576,355.571863,0,-15.265174,7.526966,0.010319,0.297450,0.076575,-0.009019,3.941407,1
2.180091,-37.367797,7.454664,-0.218953,-8.217012,-6.162822,-0.151954,49.955315,0,-16.189353,7.504267,0.012302,-0.393412,0.033812,-0.003811,6.073043,1
2.280316,-53.568023,27.000602,-0.306144,-21.433176,11.761334,-0.236780,274.986587,0,-15.105404,7.926512,0.004163,0.426503,0.320916,-0.011669,11.928368,1
2.390145,-55.762288,26.528297,-0.229684,-22.048155,10.358648,-0.154322,268.281420,0,-15.015757,7.974375,0.003121,0.300772,0.232161,-0.022522,5.702623,1
2.490152,-56.377596,23.067537,-0.271447,-21.285759,6.030394,-0.187798,220.933773,0,-14.695269,8.089144,0.002043,0.366400,0.230277,-0.028755,7.436915,1
2.590126,-43.141348,24.645315,-0.259954,-6.586649,6.813467,-0.172289,40.757527,0,-14.866299,7.875802,0.012078,0.093863,0.028837,-0.019091,0.389160,1
2.700113,-51.904489,32.229718,-0.260895,-13.754025,13.339020,-0.164399,169.539118,0,-14.732745,8.610435,0.004487,0.105811,0.464211,-0.028313,8.999548,1
2.800172,-33.913090,50.180102,-0.213286,5.851973,30.697885,-0.112773,435.869375,0,-15.327437,7.252374,0.009551,-0.329304,-0.535351,-0.024461,15.264840,1
2.900155,-78.782887,22.134245,-0.257341,-37.593018,1.628994,-0.149940,622.952367,0,-14.664905,8.755732,-0.001199,0.185548,0.639341,-0.017312,15.805441,1
3.010158,-44.904295,58.207555,-0.147892,-2.107524,36.811457,-0.038862,585.679350,0,-14.712166,8.091935,0.003599,0.055509,0.002872,-0.008615,0.106169,1
3.110132,-59.893449,54.248560,-0.193525,-15.646071,32.141978,-0.084036,553.409841,0,-14.632802,7.665283,0.003794,0.050034,-0.237903,-0.006636,2.056343,1
3.220149,-53.488006,10.723453,-0.214781,-7.630596,-12.243366,-0.109060,91.401842,0,-12.696831,8.370998,0.028064,1.937674,0.551803,-0.006185,55.763770,0
3.320357,-103.238638,14.347376,-0.205837,-55.912704,-9.694886,-0.086618,1421.189619,0,-14.598699,8.798764,0.000069,-0.011230,0.608825,-0.034947,14.466804,1
3.420127,-52.246113,49.973264,-0.187937,-3.521943,24.954979,-0.058913,278.450823,0,-14.342462,8.729353,-0.004896,0.118233,0.363391,-0.026402,5.277311,1
3.530224,-52.314960,11.008372,-0.168739,-1.858289,-15.095111,-0.018271,99.055274,0,-14.929839,8.914806,-0.027337,-0.315934,0.377776,-0.051302,8.994506,1
3.630166,-47.974835,40.837946,-0.145805,3.746473,13.861463,0.023996,90.884163,0,-13.870455,8.568827,-0.031647,0.429485,0.052270,-0.053061,6.902516,1
3.730136,-71.556857,19.361524,-0.144585,-18.340525,-8.694606,0.052317,180.007208,0,-14.495505,9.316993,-0.020184,-0.155147,0.526522,-0.066015,11.140248,1
3.840186,-61.103732,21.571451,-0.129796,-6.315657,-7.446755,0.057766,41.410315,0,-14.218993,10.176634,0.013904,0.063124,1.434435,-0.070971,27.974008,0
3.940140,-107.871498,87.889394,-0.079419,-51.671004,57.728393,0.135553,2639.125585,0,-14.188616,9.607906,0.018292,0.025649,0.528544,-0.073235,10.993531,1
4.040135,-67.319984,33.406129,-0.080783,-9.811278,2.163437,0.147767,43.209955,0,-13.779597,9.663079,0.044910,0.227994,0.360225,-0.048044,6.794712,1
4.150136,-53.447329,43.910523,-0.036951,5.686213,11.475793,0.201607,72.802172,0,-14.258046,9.891827,0.055687,-0.183952,0.352654,-0.038406,5.930644,1
4.250145,-62.003265,41.195865,0.003416,-1.531412,7.685979,0.259318,27.763796,0,-13.798895,9.942210,0.041374,0.142500,0.260324,-0.055963,3.411043,1
4.350167,-39.040199,43.128654,0.021584,22.564930,8.493610,0.288103,263.323149,0,-12.965077,10.231025,0.041585,0.557555,0.328880,-0.042728,15.978783,1
4.460133,-76.364989,29.967023,0.062293,-13.253621,-5.894865,0.343992,90.231732,0,-13.543346,10.424768,0.034475,-0.058854,0.313913,-0.050669,3.645139,1
4.560150,-85.149097,31.443957,0.048315,-20.734718,-5.545715,0.344230,198.830102,0,-13.266755,10.551737,0.051605,0.094405,0.261990,-0.051999,2.865493,1
4.670170,-126.578481,-13.062348,0.098594,-60.682993,-51.312885,0.408888,2757.924802,0,-13.348242,10.780335,0.065680,-0.041002,0.285909,-0.056404,3.162543,1
4.770218,-98.512944,45.490597,0.121295,-31.321187,5.913948,0.446381,447.967572,0,-13.121999,11.537496,0.070329,0.075481,0.623244,-0.053417,14.789235,1
4.870165,-69.276129,47.860215,0.225155,-0.844323,7.113397,0.560309,22.609702,0,-12.847823,11.253823,0.035164,0.182646,0.177454,-0.040659,2.309956,1
4.980158,-73.784956,44.170945,0.190253,-1.927081,1.071353,0.262558,8.903878,1,-12.889431,11.160709,0.020886,0.060396,-0.015418,-0.033892,0.175052,1
5.080183,-53.208336,22.294809,0.174452,20.115521,-21.981400,0.259773,440.105019,0,-13.772190,11.526444,0.013417,-0.564363,0.162782,-0.046466,12.322853,1
5.180174,-83.472111,32.822411,0.098147,-8.908168,-12.658635,0.189571,116.921598,0,-12.770679,11.748115,0.021094,0.237589,0.182857,-0.039993,3.141118,1
5.290439,-87.454317,43.397690,0.231383,-11.564725,-3.413222,0.321592,71.297268,0,-12.450657,11.881520,0.038746,0.294062,0.114144,-0.019869,3.547845,1
5.390241,-117.244703,-26.833937,0.258093,-40.090699,-74.686926,0.346283,3626.628718,0,-12.668574,11.227470,0.054380,-0.008496,-0.407776,-0.010230,6.026835,1
5.490225,-80.530420,45.100257,0.270903,-1.194380,-2.204415,0.194807,10.152438,1,-12.471066,11.866333,0.060994,0.071100,0.103162,-0.002425,0.578082,1
5.600192,-63.671723,32.378493,0.306089,17.065182,-16.232625,0.222060,304.915647,0,-12.612822,11.881817,0.052451,-0.108194,0.001181,0.014104,0.429894,1
5.700194,-98.715131,85.258451,0.212888,-16.797461,35.566494,0.117708,853.256947,0,-12.119038,11.399420,0.046804,0.185459,-0.369137,0.030616,6.300246,1
5.800394,-68.625005,95.760328,0.299036,14.526179,44.883544,0.207515,1242.311713,0,-12.254986,11.852643,-0.011806,-0.031964,-0.015460,-0.009794,0.049392,1
5.910204,-85.956126,-6.284299,0.296701,-1.479898,-58.501590,0.211797,1921.857388,0,-12.079990,12.105201,-0.024028,0.009821,0.063403,-0.018449,0.167916,1
6.010252,-81.356119,55.414620,0.429746,2.486000,1.144093,0.201296,12.806202,1,-11.442081,12.382677,0.000834,0.309603,0.124800,0.007396,4.246017,1
6.120209,-100.244598,82.790766,0.256101,-14.985284,27.138976,0.029012,568.786639,0,-12.338344,12.498114,-0.017337,-0.443692,0.061422,0.012590,7.283501,1
6.220221,-74.893522,73.251310,0.237178,11.607713,16.261005,0.013866,236.261781,0,-12.096856,12.964922,-0.047660,-0.188502,0.255500,0.003071,3.678152,1
6.320280,-100.578868,54.622837,0.180341,-12.954879,-3.645515,-0.043878,106.817842,0,-11.526917,12.818987,-0.041762,0.168182,-0.028596,0.020375,1.089090,1
6.430239,-64.605856,69.390959,0.191147,24.445398,9.765611,-0.025437,409.146777,0,-12.282435,12.673107,-0.069865,-0.422483,-0.191302,0.013372,8.114105,1
6.530280,-7.085239,-30.033459,0.184895,83.148499,-90.908602,-0.021968,9044.725184,0,-11.791117,12.775130,-0.093295,-0.016424,-0.137895,0.001886,0.719507,1
6.640272,-106.639147,118.692220,0.133961,-15.140437,56.374133,-0.061780,2040.708200,0,-11.594118,13.064004,-0.085275,0.051247,0.028605,-0.008870,0.134176,1
6.740238,-100.338775,-20.877058,0.116911,-7.686374,-84.506305,-0.065061,4332.066181,0,-11.545348,13.134354,-0.094465,0.002098,-0.008094,-0.016132,0.011023,1
6.840275,-86.722016,54.150896,0.163876,7.076095,-10.802174,-0.011960,100.710805,0,-10.702927,14.016087,-0.083521,0.749961,0.782733,-0.022185,17.434150,0
6.940270,-113.493607,74.576777,0.059309,-18.570344,8.298500,-0.108598,250.015190,0,-11.321153,13.308865,-0.057294,0.023061,-0.019450,-0.006983,0.039331,1
7.050318,-104.498607,153.639304,0.083462,-8.337338,85.882068,-0.079338,4516.181165,0,-11.361742,12.213789,-0.041535,-0.112108,-1.225355,0.004883,21.643457,0
7.150283,-107.862362,86.877298,0.147602,-10.581796,17.622185,-0.009135,259.565950,0,-11.170677,14.012215,-0.067869,-0.002394,0.265305,0.000574,3.083105,1
7.250277,-130.744031,66.104673,0.028806,-32.517010,-4.719840,-0.130874,649.069724,0,-10.532002,14.462831,-0.069031,0.319680,0.356212,0.021383,9.713203,1
7.360362,-114.738873,36.906557,0.051715,-15.250520,-35.341831,-0.096822,894.973413,0,-11.027851,13.745656,-0.084307,-0.163481,-0.294348,0.001481,4.571967,1
7.460338,-87.678459,76.608060,0.042065,12.960742,2.968526,-0.096774,105.041719,0,-11.035844,14.074245,-0.082100,-0.156156,-0.048827,-0.001338,1.072457,1
7.570290,-112.421379,37.377675,-0.003936,-10.594686,-37.715363,-0.129593,930.006227,0,-10.796030,13.849286,-0.082217,-0.006244,-0.242116,-0.006304,2.352853,1
7.670314,-118.307023,85.818177,-0.012698,-15.410033,9.304367,-0.130648,195.735912,0,-12.013631,14.148010,-0.101435,-1.313173,-0.056360,-0.024389,25.547129,0
7.770553,-48.577956,97.489730,-0.013085,55.444499,19.716211,-0.114211,2083.443853,0,-10.811501,13.754764,-0.077746,-0.122512,-0.329536,-0.016771,5.251910,1
7.880352,-116.184980,121.372403,-0.033273,-11.027396,41.990601,-0.127118,1142.307415,0,-10.478485,14.371604,-0.073877,0.049242,0.092113,-0.000523,0.456932,1
7.980333,-136.685997,75.563811,-0.040113,-30.514069,-5.247809,-0.129588,579.689281,0,-10.324512,14.358046,-0.069533,0.055076,-0.019042,0.006279,0.141546,1
8.080358,-121.945139,133.441405,-0.063149,-14.658520,51.152211,-0.153473,1719.734685,0,-10.573896,14.599104,-0.054080,-0.185226,0.060321,0.018443,1.566894,1
8.190419,-107.751757,26.389064,-0.051131,0.724403,-57.510779,-0.134286,2006.124138,0,-10.486038,14.647847,-0.056170,-0.125422,-0.002157,0.000340,0.642202,1
8.290439,-101.187140,118.711942,-0.039777,8.357943,33.157822,-0.131316,715.858562,0,-10.400622,15.439299,-0.057553,-0.094005,0.384345,0.026966,6.355208,1
8.390377,-113.786552,84.469255,-0.094639,-1.975827,-1.598479,-0.103542,10.433270,1,-10.157920,13.973561,-0.072246,0.061554,-1.241380,0.045757,23.544469,0
8.500409,-142.660864,9.930346,-0.076534,-29.739624,-77.834121,-0.072589,4368.584657,0,-10.103766,13.731957,-0.063659,-0.011175,-1.688294,0.053111,40.092349,0
8.600399,-100.473236,90.489928,-0.136991,13.538695,1.080099,-0.154851,114.795931,0,-10.302164,15.914473,-0.033478,-0.177677,0.164363,0.068619,2.736402,1
8.700391,-129.364034,89.169867,-0.112265,-14.350610,-1.837508,-0.119889,132.296591,0,-10.383203,14.616319,0.002065,-0.367466,-1.360416,0.104435,27.652330,0
8.810472,-159.862400,73.548496,-0.093112,-43.757676,-19.242057,-0.086165,1443.881338,0,-10.313681,14.737734,0.005912,-0.400058,-1.461064,0.138274,30.096592,0
8.910393,-124.776096,97.395013,-0.098065,-7.690523,2.965251,-0.074495,42.900977,0,-10.843580,15.627863,0.027285,-1.027328,-0.777190,0.193650,20.728311,0
9.020373,-126.074276,103.509038,-0.079863,-7.917683,7.250173,-0.028873,72.620118,0,-10.048840,14.534186,-0.025711,-0.310565,-2.097001,0.223608,52.209614,0
9.120396,-124.122489,96.676563,-0.072137,-5.000127,-1.268060,0.007756,16.718963,0,-10.234230,14.916267,-0.054192,-0.578761,-1.937417,0.234775,44.754789,0
9.220403,-100.887970,107.669233,-0.055974,19.191371,8.015719,0.053334,270.766281,0,-10.178136,14.736794,-0.028467,-0.609003,-2.350942,0.265653,60.425451,0
9.330586,-130.254809,107.746895,-0.016200,-9.131249,6.185632,0.125750,75.726391,0,-10.059135,14.975795,-0.013710,-0.581989,-2.338589,0.282548,55.352138,0
9.430400,-133.079984,113.650849,-0.052662,-11.018808,10.338570,0.121879,141.250879,0,-10.314356,14.475478,-0.013509,-0.920801,-3.067196,0.312996,91.464327,0
9.530452,-128.078348,108.842512,-0.074630,-5.085500,3.751411,0.135415,24.534928,0,-9.945410,14.846183,-0.030895,-0.633503,-2.932829,0.323966,75.171823,0
9.640442,-132.121776,84.524536,-0.075177,-8.115919,-22.551690,0.176693,349.701187,0,-10.067260,14.605722,-0.023232,-0.857203,-3.442613,0.357031,97.719961,0
9.740437,-153.739629,87.266212,-0.069220,-28.821580,-21.639074,0.223331,782.601635,0,-9.563461,14.857598,-0.019889,-0.441142,-3.433807,0.386941,86.980921,0
9.840454,-133.496421,47.369501,-0.101979,-7.676458,-63.389134,0.236296,2429.238196,0,-9.923457,14.659911,0.002038,-0.905868,-3.870381,0.459198,107.643717,0
9.950467,-143.552582,167.842997,-0.089930,-16.753394,55.020252,0.304004,1941.325614,0,-10.284517,14.854730,-0.017094,-1.383504,-3.907719,0.488841,109.108670,0
10.050468,-134.238168,130.902532,-0.081404,-6.559396,16.180759,0.368960,176.303624,0,-9.878985,14.896265,-0.048263,-1.083242,-4.093818,0.516033,106.811144,0
10.150455,-150.797001,142.290619,-0.146504,-23.118230,27.568847,0.303860,747.692466,0,-9.985605,14.895649,-0.068088,-1.189863,-4.094435,0.496208,108.356403,0
10.260572,-136.713271,131.590224,-0.133878,-7.222894,12.799646,0.447897,120.340000,0,-10.070414,14.687471,-0.072249,-1.506622,-4.803937,0.564003,132.235351,0
10.360498,-130.634375,46.458611,-0.102392,-0.299404,-74.302308,0.544885,3016.604896,0,-10.019886,14.313842,-0.041596,-1.567715,-5.404066,0.613917,155.080791,0
10.470439,-139.098304,39.205801,-0.133048,-7.845040,-83.747943,0.587873,3773.220344,0,-9.848389,14.449921,-0.033398,-1.495774,-5.495615,0.636453,148.102402,0
10.570463,-148.269781,137.557474,-0.109067,-16.189798,12.588938,0.681894,217.481200,0,-9.807795,14.167107,-0.019315,-1.542602,-5.975935,0.680914,163.566776,0
10.670473,-138.531727,146.582558,-0.134390,-5.635573,19.577548,0.730064,210.329403,0,-10.427403,14.784004,-0.017989,-2.266472,-5.578796,0.716876,146.444706,0
10.780698,-195.650457,138.619664,-0.116474,-61.866125,9.344149,0.834070,1899.967057,0,-9.624284,14.678801,-0.024735,-1.566453,-5.919945,0.756298,141.537297,0
10.880478,-161.173966,37.360427,-0.126740,-26.594947,-93.991685,0.903933,4546.233711,0,-9.742090,14.599844,-0.007524,-1.777697,-6.211891,0.795533,148.545126,0
10.980452,-207.289668,141.981569,-0.115271,-71.925313,8.526785,0.995100,2380.377688,0,-9.859768,14.758776,-0.013001,-2.004344,-6.273483,0.784182,145.599682,0
11.090484,-58.227920,118.583616,-0.139797,77.987598,-17.212223,1.061762,2778.372285,0,-10.823745,14.643749,0.008412,-3.088141,-6.632402,0.837156,169.187638,0
11.190498,-141.423691,151.882998,-0.099609,-4.444455,13.938389,1.189340,92.236898,0,-9.865057,16.179131,0.004396,-2.229003,-5.305395,0.878176,97.677307,0
11.290698,-147.719029,136.768414,-0.104030,-9.983441,-3.350245,1.276764,45.272273,0,-9.847103,14.826190,-0.000988,-2.298635,-6.871038,0.915634,147.744043,0
11.400475,-183.171205,96.329230,-0.116874,-44.620356,-46.198601,1.369732,1613.225447,0,-9.714473,14.570605,-0.023031,-2.287992,-7.375368,0.940837,158.525973,0
11.500494,-156.496017,148.048917,-0.106587,-17.212782,3.303381,1.478303,112.971414,0,-9.873385,14.750948,-0.017467,-2.550868,-7.422035,0.965195,155.122955,0
11.600502,-161.286737,131.105643,-0.028791,-21.282523,-15.880530,1.655766,250.619601,0,-9.517783,14.738834,-0.010961,-2.308635,-7.665542,0.985621,152.884779,0
11.710541,-107.431612,156.396797,-0.074028,33.352956,6.918580,1.721918,391.903604,0,-9.844552,14.706838,0.024157,-2.752907,-7.940160,1.036425,159.137884,0
11.810557,-152.601222,123.181554,-0.151824,-11.118209,-28.583401,1.749174,305.060902,0,-9.652913,14.375549,0.025401,-2.669572,-8.488197,1.075757,169.822250,0
11.920533,-174.536157,153.225526,-0.083420,-32.299169,-1.081446,1.940885,310.556505,0,-9.819840,14.708462,0.012297,-2.964049,-8.405747,1.133513,161.030993,0
12.020516,-147.999330,154.949130,-0.011126,-1.401372,-0.433279,0.856537,9.685497,1,-9.652431,14.533013,0.003031,-1.464270,-8.318159,0.830114,204.780405,0
12.120515,-177.892351,191.275058,-0.036955,-30.484355,33.586450,0.917045,874.842482,0,-9.564678,14.995207,-0.000137,-1.464233,-8.066991,0.863244,182.053666,0
12.230524,-175.739212,159.698514,-0.020507,-27.451971,-0.552928,1.029758,305.024511,0,-9.792997,14.751296,0.004187,-1.800482,-8.545366,0.879253,196.190583,0
12.330799,-168.156607,138.613435,-0.080505,-19.077387,-23.994885,1.060227,369.731231,0,-9.835130,14.771947,-0.009446,-1.937085,-8.732163,0.892740,196.112896,0
12.430519,-161.948691,121.076087,-0.083608,-12.093087,-43.898520,1.151455,781.632358,0,-9.691756,14.147659,0.002861,-1.906175,-9.581476,0.948824,223.343550,0
12.540506,-151.758476,144.355731,-0.030443,-1.057738,-23.253920,1.313875,192.798885,0,-9.985192,13.731130,-0.006040,-2.301235,-10.226673,0.987299,245.167514,0
12.640533,-181.092350,158.352386,-0.062688,-29.632629,-11.674565,1.383411,339.448570,0,-10.103024,14.781889,-0.009088,-2.515178,-9.384792,1.008461,199.585357,0
12.740569,-145.737813,165.548577,-0.058326,6.471297,-6.917030,1.492928,28.911911,0,-9.707898,14.963592,-0.019991,-2.216751,-9.414020,1.031161,187.977760,0
12.850617,-174.435309,210.891194,-0.043210,-21.413448,35.717500,1.626513,523.764359,0,-9.993251,14.736882,-0.012588,-2.607847,-9.871293,1.063937,199.794739,0
12.950528,-129.763020,168.808247,-0.040794,23.987812,-8.843879,1.738037,183.724746,0,-9.665610,14.753322,-0.013313,-2.369393,-10.053130,1.078739,194.836625,0
13.050600,-158.680728,136.522727,-0.106024,-4.208347,-43.632683,1.785199,525.054607,0,-9.957556,14.671748,-0.014968,-2.747215,-10.343236,1.108146,200.534159,0
13.160586,-169.586160,161.208248,-0.090501,-14.331197,-21.722831,1.927320,173.499007,0,-9.854373,14.655062,-0.019042,-2.739096,-10.581468,1.132002,199.096735,0
13.260772,-176.839031,162.384989,-0.104730,-20.880062,-23.095845,2.030569,234.068144,0,-10.412189,14.672447,-0.018793,-3.385235,-10.777637,1.153798,204.463821,0
13.360628,-156.078356,180.331970,-0.136239,-0.011103,-1.168698,0.669454,7.328947,1,-9.442906,14.642844,-0.027830,-2.358798,-9.214180,0.714229,244.578161,0
13.470581,-168.141123,157.965976,-0.109183,-10.623316,-28.601887,0.862255,363.124847,0,-10.042193,14.326732,-0.047861,-3.182783,-9.919669,0.756838,266.712480,0
13.570607,-175.746731,155.959614,-0.150085,-17.554017,-33.051982,0.904343,521.762979,0,-9.935787,14.081117,-0.026574,-3.188514,-10.349721,0.803112,274.700335,0
13.680589,-169.032145,251.246296,-0.115098,-10.109748,59.526478,1.036868,1286.267914,0,-9.996951,14.988052,-0.049047,-3.362334,-9.636361,0.837816,230.779542,0
13.780826,-171.651113,145.792431,-0.145670,-12.073516,-48.415167,1.098949,836.688896,0,-10.530540,14.464963,-0.053522,-3.994056,-10.353897,0.870809,262.070921,0
13.880583,-183.868480,154.167934,-0.076129,-23.648744,-42.533166,1.264805,756.489453,0,-9.780086,14.713996,-0.076649,-3.343083,-10.281669,0.888839,236.660064,0
13.990623,-183.564723,120.850214,-0.136826,-22.648326,-78.622948,1.312969,2022.968739,0,-9.779287,14.647096,-0.078760,-3.448286,-10.544362,0.910527,237.210976,0
14.090612,-168.311328,152.908213,-0.186028,-6.772753,-49.102652,1.364827,700.220422,0,-10.369952,16.117497,-0.072485,-4.147490,-9.262321,0.938225,188.269727,0
14.190626,-179.741142,142.592220,-0.163548,-17.590197,-61.974166,1.489073,1124.568386,0,-10.253317,14.896678,-0.032746,-4.130458,-10.655042,0.984775,229.636384,0
14.300753,-181.259889,192.547853,-0.202348,-18.446861,-14.855787,1.565422,140.530851,0,-10.022050,14.778316,-0.034673,-4.010063,-10.985111,1.010928,229.182336,0
14.400596,-181.647526,181.133739,-0.159451,-18.834497,-26.269901,1.608319,264.439081,0,-10.608891,15.136179,-0.037596,-4.596904,-10.627248,1.008004,224.838627,0
14.500626,-208.057056,179.854792,-0.186688,-44.072231,-32.754667,1.796169,677.517320,0,-9.834857,14.596356,-0.047504,-4.022256,-11.548065,1.041815,230.563099,0
14.610711,-143.513511,175.997820,-0.192979,21.098390,-39.512600,1.910505,412.437226,0,-9.729724,14.578023,-0.045025,-4.033458,-11.773847,1.050725,228.190733,0
14.710605,-187.725940,191.234943,-0.209836,-22.554614,-26.926247,2.002901,246.027713,0,-9.690936,15.127143,-0.029790,-4.090731,-11.408788,1.063907,206.646224,0
14.820654,-232.863614,224.894327,-0.205397,-67.692288,6.733136,2.007340,884.351393,0,-9.923646,14.685518,-0.013539,-4.323441,-11.850412,1.080158,224.590600,0
14.920637,-199.839998,173.066668,-0.205762,-33.520868,-50.726297,2.240459,659.803042,0,-10.089555,14.772623,-0.014773,-4.669691,-12.135090,1.109507,219.259400,0
15.020635,-171.881001,182.782853,-0.225244,-5.027243,-43.717660,2.336908,321.956156,0,-9.830773,14.837382,-0.029197,-4.484347,-12.238778,1.130140,211.221108,0
15.130695,-192.282107,178.602282,-0.237664,-24.849410,-50.899397,2.454401,506.369127,0,-9.719488,14.904048,-0.045641,-4.459276,-12.364403,1.134745,205.726341,0
15.230664,-207.165212,174.420268,-0.230760,-39.732515,-55.081411,2.461305,728.724083,0,-9.428571,14.718518,-0.038946,-4.168358,-12.549933,1.141440,207.985595,0
15.330710,-181.679072,187.015627,-0.155550,-13.728237,-45.229450,2.655967,330.041991,0,-9.706207,14.867068,-0.034597,-4.523212,-12.575452,1.160290,204.330721,0
15.440670,-192.275346,199.297533,-0.285209,-23.264989,-38.773007,2.783997,266.710993,0,-9.901616,14.670378,-0.047813,-4.902082,-13.163633,1.188578,209.488969,0
15.540656,-195.821228,208.096308,-0.321457,-26.319203,-32.773931,2.873063,215.759709,0,-9.557412,14.383053,-0.051913,-4.640010,-13.618100,1.201407,211.771388,0
15.640667,-195.398157,228.652679,-0.286931,-25.412589,-15.034111,3.034577,96.945681,0,-9.757828,14.849005,-0.070556,-4.922944,-13.313324,1.199187,198.468548,0
15.750676,-203.096074,214.238071,-0.292575,-32.590226,-32.566958,3.172175,228.031990,0,-9.826998,14.448322,-0.058124,-5.097577,-13.896852,1.243964,207.601060,0
15.850742,-187.831082,204.384445,-0.359971,-16.861187,-45.273867,3.238160,239.582879,0,-9.724565,14.752281,-0.069813,-5.087135,-13.761898,1.263127,196.068835,0
15.950682,-187.419919,273.682524,-0.327136,-15.995489,21.157538,3.407472,73.168395,0,-9.585331,14.891326,-0.087682,-5.037244,-13.792681,1.277911,189.227042,0
16.060719,-184.578366,204.236791,-0.312867,-12.664973,-51.465550,3.573838,254.919576,0,-9.749742,14.651075,-0.088907,-5.306124,-14.224215,1.293329,195.447274,0
16.160862,-190.267287,200.691964,-0.342216,-17.920109,-57.921176,3.683709,317.700655,0,-8.734443,14.280010,-0.059763,-4.402804,-14.786382,1.330438,193.720454,0
16.260942,-184.788182,193.930415,-0.331074,-12.017888,-67.610112,3.835889,384.713079,0,-9.572885,14.338225,-0.054103,-5.345111,-14.912143,1.355146,198.626424,0
16.370737,-203.633729,203.519509,-0.338053,-30.410604,-61.251915,3.985256,361.584305,0,-9.853451,13.656774,-0.036609,-5.729097,-15.769993,1.387385,216.098710,0
16.470711,-207.854774,203.346940,-0.346318,-34.631649,-61.424484,3.976992,384.894494,0,-9.382480,14.439799,-0.049958,-5.258125,-14.986968,1.374037,191.785412,0
16.570722,-206.285111,232.587823,-0.340696,-32.264784,-38.120087,4.274453,167.187859,0,-9.517537,14.500205,-0.046488,-5.574635,-15.269026,1.420703,187.830565,0
16.680702,-171.467031,198.259369,-0.406504,2.973976,-75.744632,4.371338,364.108695,0,-9.626019,14.816062,-0.048292,-5.800977,-15.153726,1.430996,180.505805,0
16.780878,-199.431749,211.896812,-0.398488,-24.615962,-65.126416,4.530555,297.996479,0,-9.642134,14.576071,-0.053007,-5.900916,-15.563155,1.456343,184.266503,0
16.890759,-243.360000,229.317240,-0.432624,-68.144058,-51.039440,4.664043,411.281610,0,-9.295290,14.242632,-0.051485,-5.653561,-16.094344,1.474016,187.205242,0
16.990740,-175.956584,216.040463,-0.424977,-0.386286,-67.366888,4.826551,241.302570,0,-9.280540,14.601173,-0.049741,-5.736297,-15.911483,1.499177,177.550335,0
17.090739,-195.032892,248.415988,-0.453931,-19.117781,-38.060333,4.955276,90.088334,0,-9.513209,14.681962,-0.047788,-6.065073,-16.007829,1.529005,176.335560,0
17.200751,-185.089155,276.460835,-0.446833,-0.351247,-0.521885,0.509107,12.709267,1,-9.321098,15.002670,-0.041145,-3.495017,-12.084436,0.391496,408.369229,0
17.300918,-215.643330,235.798555,-0.464273,-30.331116,-43.909994,0.536138,950.705344,0,-9.929631,14.871347,-0.054823,-4.196145,-12.341507,0.389138,416.277083,0
17.400729,-219.197045,242.560250,-0.515361,-33.320908,-39.876283,0.530266,868.986809,0,-9.778718,14.783745,-0.077489,-4.128809,-12.547722,0.375539,408.121886,0
17.510756,-191.319669,205.103508,-0.490168,-4.832953,-80.354911,0.606317,1996.448063,0,-9.576416,14.732240,-0.065791,-4.027040,-12.732839,0.396438,395.340900,0
17.610837,-212.914517,202.834476,-0.497426,-25.882633,-85.386041,0.646552,2360.314912,0,-10.019784,14.128892,-0.057110,-4.572555,-13.469561,0.417429,428.775148,0
17.720764,-275.608966,213.997693,-0.467999,-87.989017,-77.270757,0.729410,3872.296960,0,-9.630341,14.585729,-0.048278,-4.280721,-13.141224,0.437787,383.449918,0
17.820764,-252.880526,169.643718,-0.485279,-64.733813,-124.408463,0.761288,5331.548114,0,-9.641398,14.669692,-0.044041,-4.373731,-13.167758,0.447544,368.753594,0
17.920776,-224.705574,226.971733,-0.500434,-36.040188,-69.875360,0.795651,1599.798357,0,-9.622348,14.844373,-0.038766,-4.436281,-13.101197,0.456352,349.675719,0
18.020736,-226.553394,268.143034,-0.484175,-37.377387,-31.507874,0.861394,587.123286,0,-9.117786,14.792473,-0.045566,-4.009504,-13.257072,0.449470,334.468087,0
18.130781,-211.586191,252.057380,-0.477396,-21.857042,-50.693844,0.924718,712.579446,0,-9.841944,15.030566,-0.064502,-4.815453,-13.142482,0.449331,326.264292,0
18.230794,-212.399908,253.245519,-0.502974,-22.175026,-52.334103,0.950482,718.771047,0,-9.664891,14.745880,-0.066188,-4.708199,-13.534497,0.447166,327.058765,0
18.340787,-195.401699,237.571487,-0.510362,-4.639848,-71.131858,0.999412,1065.017705,0,-9.817277,15.555470,-0.061259,-4.935455,-12.843686,0.450761,286.890433,0
18.440745,-209.866962,218.610448,-0.478218,-18.624085,-92.942976,1.082716,1793.876474,0,-9.465996,14.600484,-0.020989,-4.653713,-13.912240,0.490822,311.190730,0
18.540751,-219.019625,307.457266,-0.491049,-27.302106,-6.957186,1.121281,147.240529,0,-10.267871,13.850090,-0.041486,-5.521722,-14.758579,0.472440,346.008881,0
18.650778,-213.010140,233.648721,-0.581614,-20.780571,-83.928959,1.088874,1335.877798,0,-9.619915,14.398502,-0.051036,-4.966047,-14.351102,0.477546,305.966028,0
18.770889,-180.044639,253.107378,-0.629590,12.732291,-67.942433,1.105682,789.265146,0,-9.663650,14.264355,-0.046386,-5.106515,-14.643398,0.492985,303.620671,0
18.850871,-235.551353,238.944940,-0.585191,-42.415371,-84.425249,1.193926,1434.242814,0,-9.678064,14.656448,-0.053006,-5.188924,-14.354686,0.495179,284.642601,0
18.960762,-224.507588,250.388082,-0.521349,-31.371606,-72.982106,1.257769,1012.644828,0,-9.579120,14.419052,-0.067522,-5.089979,-14.592082,0.480663,292.268463,0
19.060784,-236.963634,251.580997,-0.542316,-42.912903,-77.913589,1.359299,1131.415147,0,-9.159693,14.453730,-0.067125,-4.850066,-14.782282,0.527892,270.730581,0
19.161000,-230.193207,248.355788,-0.530367,-35.719877,-84.081278,1.432546,1128.309303,0,-9.512185,14.761876,-0.067422,-5.295330,-14.599301,0.544229,259.476109,0
19.270908,-216.085875,266.088928,-0.508554,-21.612545,-66.348138,1.454359,656.243602,0,-10.010539,14.202070,-0.068016,-5.793684,-15.159107,0.543635,284.401194,0
19.370877,-274.859644,243.645472,-0.617554,-79.534276,-94.989550,1.472774,1845.620453,0,-9.758210,14.255554,-0.070045,-5.752592,-15.331777,0.533558,266.998262,0
19.470864,-229.462080,234.986626,-0.567732,-33.745396,-106.617480,1.582812,1421.195463,0,-9.518262,13.961819,-0.082574,-5.604599,-15.732827,0.519663,267.702142,0
19.580858,-233.217019,277.461959,-0.556858,-37.082861,-67.424733,1.663413,631.395082,0,-9.587742,14.373761,-0.091538,-5.792316,-15.469547,0.542381,251.280579,0
19.680783,-232.232852,190.485910,-0.582532,-35.729575,-157.394881,1.702483,2631.475273,0,-9.596194,14.357856,-0.088186,-5.902239,-15.605566,0.559741,246.940803,0
19.780897,-215.083266,268.683765,-0.626363,-18.220544,-82.208526,1.723909,673.162439,0,-9.787478,14.513159,-0.083374,-6.197107,-15.567635,0.568444,240.273810,0
19.890887,-240.927821,180.639264,-0.635359,-43.681395,-173.573762,1.788332,2881.573492,0,-9.624363,14.494475,-0.085399,-6.135834,-15.696642,0.582103,233.197746,0
19.990854,-243.158071,180.342786,-0.636577,-45.571344,-176.898866,1.855994,2839.722835,0,-10.961537,14.370856,-0.077026,-7.557412,-15.925394,0.612005,247.198759,0
20.100830,-285.752153,256.456253,-0.635496,-87.801020,-104.130036,1.933415,1483.685858,0,-9.424196,14.526677,-0.099933,-6.110685,-15.885856,0.594218,220.515935,0
20.200861,-253.581683,281.019100,-0.742413,-55.308461,-82.619877,1.898715,747.322708,0,-9.872955,14.397267,-0.095658,-6.653046,-16.120227,0.626293,223.626916,0
20.301085,-251.022632,274.317957,-0.667531,-52.436786,-92.390533,2.046799,807.958713,0,-10.074685,14.569612,-0.094893,-6.955453,-16.056685,0.635486,217.630781,0
20.410855,-250.183475,267.369899,-0.609496,-51.267524,-102.714272,2.187380,888.742892,0,-9.524787,14.480412,-0.097030,-6.517548,-16.271903,0.654963,209.663234,0
20.510876,-243.670516,264.978920,-0.639185,-44.464681,-108.193217,2.235400,873.141647,0,-8.588395,14.387444,-0.099168,-5.690151,-16.485879,0.677763,199.372394,0
20.610958,-227.360533,266.388561,-0.655103,-27.876439,-109.885527,2.299188,772.644557,0,-9.507509,14.466517,-0.083515,-6.727198,-16.527674,0.712898,202.636550,0
20.720902,-241.608122,292.169691,-0.623200,-41.831138,-87.526628,2.421888,534.204253,0,-9.564392,14.369288,-0.123516,-6.900412,-16.757579,0.702327,202.627669,0
20.820915,-260.913763,272.932447,-0.824905,-60.880449,-109.887077,2.303402,855.058829,0,-9.592747,14.335334,-0.132132,-7.029760,-16.892856,0.699955,200.272584,0
20.920913,-279.278058,266.459035,-0.644158,-78.999501,-119.493777,2.566706,1054.760333,0,-9.877446,14.622171,-0.122242,-7.424964,-16.711248,0.703337,193.987240,0
21.030886,-247.327458,242.881067,-0.624584,-46.793441,-146.532111,2.676427,1144.460799,0,-9.852484,14.625181,-0.093472,-7.529553,-16.840375,0.726254,190.381213,0
21.130899,-295.740259,293.034974,-0.652865,-94.984617,-99.535445,2.731509,865.718673,0,-9.922411,14.903898,-0.078234,-7.706448,-16.664543,0.755291,182.167768,0
21.230933,-279.813625,291.507957,-0.612064,-78.847200,-104.231318,2.857480,743.622110,0,-9.798936,14.576812,-0.073817,-7.691831,-17.100909,0.777586,184.060645,0
21.340948,-269.833986,310.933506,-0.635724,-68.647007,-88.301761,2.931487,512.190841,0,-10.721330,14.637323,-0.088508,-8.716568,-17.139986,0.799245,187.881822,0
21.440914,-243.511856,295.226645,-0.644675,-42.133681,-107.195535,3.013273,516.005956,0,-9.472662,14.424225,-0.111769,-7.560046,-17.455885,0.795919,177.425205,0
21.550928,-324.121357,295.440750,-0.658202,-122.545363,-110.500376,3.099871,1002.529902,0,-9.822787,14.709234,-0.109919,-8.024656,-17.277019,0.800188,172.465039,0
21.650934,-253.039280,300.923091,-0.749917,-51.294388,-108.227125,3.099308,503.220677,0,-10.364262,14.596201,-0.101697,-8.675402,-17.492673,0.809769,176.627492,0
21.750942,-254.157143,301.942084,-0.630866,-52.254242,-110.427871,3.309959,497.508636,0,-10.235819,14.753831,-0.087682,-8.655838,-17.441099,0.828253,170.105594,0
21.860982,-259.339017,302.517556,-0.639805,-57.276480,-113.408563,3.403041,510.253410,0,-9.557088,14.640476,-0.077910,-8.106390,-17.676469,0.849211,163.511543,0
21.960889,-253.049483,272.666660,-0.596157,-50.852645,-146.498220,3.539128,724.544018,0,-8.873528,14.581471,-0.058207,-7.529268,-17.836216,0.867043,156.380102,0
22.060924,-246.562839,317.832826,-0.578246,-44.242799,-104.585358,3.650075,366.617610,0,-9.999320,14.408953,-0.039406,-8.767723,-18.112768,0.890637,165.505442,0
22.170976,-266.092792,278.634819,-0.611750,-63.650525,-147.375385,3.720940,704.030765,0,-9.815643,15.303177,-0.037630,-8.705021,-17.336088,0.910727,148.178521,0
22.271178,-244.635613,289.982557,-0.564122,-42.094534,-139.310297,3.863220,545.725941,0,-9.806452,14.536280,-0.040363,-8.820318,-18.224088,0.904246,158.181154,0
22.371006,-252.267923,369.877097,-0.526537,-49.638323,-62.694443,3.995886,153.149937,0,-9.754011,14.804236,-0.027651,-8.867280,-18.039240,0.924799,151.007720,0
22.480969,-203.455517,294.768042,-0.521902,-0.742456,-141.427088,4.106104,451.467013,0,-9.553587,14.503821,0.009012,-8.794596,-18.448959,0.969181,150.658906,0
22.580971,-265.451886,301.147631,-0.549666,-62.673410,-138.351771,4.176252,517.355852,0,-9.461205,14.497529,-0.016136,-8.807064,-18.544666,0.962969,148.241939,0
22.680956,-266.232319,295.493094,-0.521993,-63.398650,-147.318233,4.304644,551.232661,0,-9.903830,14.882312,-0.033857,-9.351821,-18.241750,0.973472,144.113828,0
22.791263,-260.705079,307.725195,-0.496776,-57.871411,-135.086132,4.329861,460.825442,0,-9.738067,15.675767,-0.046001,-9.186058,-17.448295,0.961328,132.887747,0
22.891030,-259.986243,325.448647,-0.506126,-57.069303,-124.347671,4.534217,361.397095,0,-9.777503,14.659858,-0.037832,-9.433224,-18.632642,0.979223,141.557235,0
23.000992,-257.471035,289.702257,-0.446713,-54.554095,-160.094061,4.593631,554.719034,0,-9.853998,14.746411,-0.002586,-9.509720,-18.546089,1.014469,140.129706,0
23.101007,-186.679372,325.890961,-0.452689,16.279501,-130.925349,4.799402,285.906819,0,-8.745190,14.977899,-0.008759,-8.593734,-18.502670,0.997359,126.250193,0
23.200997,-263.386813,292.493999,-0.444157,-60.427940,-164.322310,4.807934,542.124423,0,-9.589567,14.646280,-0.002138,-9.438111,-18.834289,1.003980,135.783546,0
23.311027,-265.082242,342.291949,-0.519094,-62.117125,-117.881172,4.835198,297.676490,0,-9.929162,13.920129,-0.022653,-9.866724,-19.651286,0.999460,145.486486,0
23.421008,-275.156342,303.466184,-0.436242,-72.210598,-164.134793,5.150939,495.781211,0,-9.608010,15.696786,-0.023384,-9.739484,-18.116322,1.041866,118.677316,0
23.511009,-281.755944,315.209007,-0.347609,-78.828291,-155.442645,5.336939,450.220522,0,-8.846264,14.869149,-0.016567,-9.047278,-19.026991,1.065277,121.047126,0
23.621057,-272.482672,331.410764,-0.345817,-69.583683,-142.979238,5.459319,354.884076,0,-9.532125,14.511906,-0.025916,-9.792587,-19.458359,1.069873,126.780580,0
23.721011,-261.942486,307.973665,-0.430505,-59.074917,-169.817650,5.486212,435.038883,0,-9.750378,14.990851,-0.040851,-10.064725,-19.037782,1.075467,120.528034,0
23.821022,-322.552569,304.337384,-0.492551,-119.685001,-173.453930,5.424167,610.151680,0,-9.399804,14.890411,-0.053235,-9.714151,-19.138223,1.063084,119.681356,0
23.925997,-234.289622,327.855429,-0.439406,-31.513012,-156.939938,5.707567,308.518263,0,-9.826683,14.680059,-0.047290,-10.317542,-19.540761,1.082485,121.276732,0
24.030971,-276.308109,309.968735,-0.423877,-73.593644,-178.430250,5.843452,443.395708,0,-9.384435,14.746168,-0.060246,-9.976439,-19.582439,1.086280,116.695698,0
24.140968,-277.682565,310.086157,-0.408499,-75.046492,-182.102995,5.986906,441.508448,0,-9.606646,13.986737,-0.080321,-10.319316,-20.470279,1.084031,125.119647,0
24.241030,-267.243857,331.249944,-0.367493,-64.690928,-164.400258,6.144082,337.465438,0,-9.601785,14.637546,-0.068675,-10.432710,-19.951456,1.092306,117.821503,0
24.341059,-298.686118,322.127046,-0.368802,-96.226904,-176.993433,6.257996,428.500041,0,-9.706874,14.438347,-0.048955,-10.643756,-20.254378,1.102946,119.200654,0
24.451031,-288.232507,300.086280,-0.357611,-85.889094,-202.862018,6.395010,490.316537,0,-9.633367,14.892728,-0.031862,-10.686359,-19.914444,1.112275,113.121911,0
24.551083,-281.022468,365.140648,-0.382081,-78.794224,-141.299459,6.485150,249.244964,0,-9.336722,14.708642,0.002938,-10.487817,-20.191247,1.148440,111.243602,0
24.651006,-297.145217,328.141261,-0.341155,-95.041215,-181.794450,6.640834,392.275838,0,-10.120580,14.856122,-0.016701,-11.363957,-20.126845,1.131758,113.544768,0
24.756066,-289.238114,332.731366,-0.343740,-87.274849,-180.889052,6.759326,359.368753,0,-9.511216,14.986188,-0.022595,-10.850813,-20.086325,1.129871,107.660451,0
24.861126,-270.813522,324.524167,-0.363050,-69.001107,-192.791150,6.862042,355.708808,0,-9.175765,14.659704,-0.031056,-10.611609,-20.509722,1.130438,107.661201,0
24.961072,-252.327653,308.088203,-0.356055,-50.668564,-212.751618,6.985454,386.451274,0,-9.487933,14.962497,-0.021953,-11.022034,-20.301710,1.142844,105.510330,0
25.071082,-290.585942,356.366506,-0.327551,-89.107920,-168.363581,7.139532,284.793886,0,-9.654237,14.846450,0.008996,-11.300125,-20.516093,1.150463,106.154904,0
25.171102,-288.204666,308.792066,-0.346439,-86.900241,-219.482323,7.234368,425.438514,0,-9.621085,14.199291,0.006604,-11.356716,-21.236661,1.143620,110.435847,0
25.271300,-271.331287,347.912850,-0.374065,-70.208806,-183.918833,7.322691,279.794367,0,-9.384661,15.225671,0.024272,-11.200500,-20.277031,1.181468,98.346853,0
25.381093,-256.756192,357.513418,-0.345096,-55.843938,-178.225441,7.478934,238.230922,0,-9.467996,14.940605,0.011895,-11.382763,-20.646254,1.171115,100.125942,0
25.481112,-295.361597,330.950163,-0.380468,-94.649735,-208.355586,7.560998,356.311427,0,-9.188182,15.044709,0.014865,-11.191711,-20.617229,1.189006,96.429744,0
25.591043,-293.235343,333.116194,-0.348110,-92.752768,-210.117312,7.725405,344.063526,0,-9.434393,15.239804,-0.023151,-11.520132,-20.489613,1.178051,94.985395,0
25.691043,-281.151932,324.317847,-0.396948,-80.884745,-222.494456,7.796317,350.773842,0,-9.218495,15.134878,-0.036996,-11.372371,-20.652941,1.160500,93.699173,0
25.791266,-272.612504,359.891871,-0.415907,-72.568188,-190.512347,7.896771,247.294568,0,-9.348079,15.305219,-0.028690,-11.571848,-20.534226,1.162779,91.573597,0
25.901069,-248.997587,381.108358,-0.417877,-49.204610,-173.236199,8.023740,180.365823,0,-9.198178,16.032012,-0.024215,-11.487175,-19.853569,1.150068,84.220386,0
26.001056,-255.311787,319.578827,-0.407094,-55.518810,-234.765730,8.034523,331.510735,0,-9.122645,15.383259,-0.003641,-11.411642,-20.502323,1.170642,88.033258,0
26.101082,-301.659013,334.248416,-0.431746,-102.343436,-227.288157,8.243522,339.406173,0,-8.936977,15.217634,-0.010169,-11.355600,-20.759872,1.157660,85.816044,0
26.211115,-293.050909,366.519565,-0.397547,-94.008673,-198.983062,8.409187,251.106885,0,-8.947291,15.389924,-0.023906,-11.431473,-20.654441,1.170880,83.162473,0
26.311238,-296.431525,339.003966,-0.416117,-97.643235,-230.113219,8.511644,315.792917,0,-9.145039,15.689549,-0.052596,-11.681372,-20.411520,1.156180,81.105634,0
26.411156,-301.145389,337.424986,-0.414338,-102.617012,-235.306199,8.634255,322.688802,0,-8.306762,15.601748,-0.051735,-10.908019,-20.567882,1.157577,77.146690,0
26.521108,-291.617085,381.537871,-0.475263,-93.380816,-195.176497,8.703879,217.010562,0,-8.532621,15.461413,-0.040780,-11.189308,-20.765063,1.146537,77.789521,0
26.621155,-182.639460,371.890202,-0.460483,15.596809,-204.824166,8.718658,174.996954,0,-8.257868,16.071282,-0.018309,-10.914554,-20.155194,1.169008,72.482712,0
26.721153,-283.689608,359.132847,-0.506873,-86.002621,-224.850037,8.906142,251.358629,0,-8.878620,15.510089,-0.000172,-11.651903,-20.864366,1.162653,76.721973,0
26.831179,-288.291415,364.065241,-0.524926,-90.915504,-223.928637,9.015812,244.641048,0,-8.427142,14.203766,0.013832,-11.254454,-22.251321,1.174681,81.751439,0
26.931138,-333.895234,361.694206,-0.489285,-136.805552,-229.950741,9.167884,297.384266,0,-9.229003,15.654942,0.007609,-12.092489,-20.870934,1.172403,74.988783,0
27.041163,-254.058759,359.097530,-0.650281,-57.288393,-236.575861,9.138091,225.447626,0,-8.169378,16.186800,-0.022283,-11.071577,-20.427018,1.170203,67.028684,0
27.141150,-335.017313,414.862976,-0.507394,-138.542306,-184.480633,9.403384,202.368338,0,-9.017025,15.343290,-0.034319,-11.971001,-21.363640,1.189896,74.055243,0
27.251185,-300.700750,352.205959,-0.632377,-104.555832,-251.185750,9.412714,273.133767,0,-8.199533,14.734171,-0.024202,-11.199379,-22.054929,1.196432,73.411266,0
27.351192,-300.305774,381.140959,-0.519544,-104.160856,-222.250750,9.525546,220.197434,0,-8.474257,15.492826,-0.031586,-11.474103,-21.296275,1.189048,70.200674,0
27.451208,-304.397303,384.358949,-0.500466,-108.868862,-226.416851,9.788893,216.486210,0,-8.098672,15.348903,-0.002408,-11.210486,-21.610837,1.218292,67.849304,0
27.551216,-305.642799,358.903290,-0.532540,-110.114359,-251.872510,9.756819,261.323838,0,-8.212888,15.651874,-0.024879,-11.324702,-21.307866,1.195821,66.980216,0
27.661210,-310.020958,402.195638,-0.396612,-115.164986,-216.369662,10.148629,191.892711,0,-8.412122,15.220403,-0.022531,-11.646209,-21.919783,1.196023,68.709343,0
27.761271,-303.146899,376.754005,-0.519563,-108.619701,-245.536124,10.148759,224.323904,0,-6.916651,15.652323,-0.029006,-10.202410,-21.573543,1.201067,60.919579,0
27.861223,-300.566461,381.894503,-0.550633,-106.039263,-240.395627,10.117689,214.228000,0,-8.856247,15.515790,-0.025070,-12.142006,-21.710076,1.205002,67.884893,0
27.971135,-309.818029,383.963418,-0.429921,-116.004559,-246.167693,10.498542,215.975436,0,-8.901822,15.466195,-0.002095,-12.344110,-21.938088,1.240985,66.649143,0
28.071178,-292.522336,325.307859,-0.533238,-99.059939,-308.574406,10.524025,297.750147,0,-8.207204,15.635485,-0.040957,-11.716444,-21.860089,1.246486,63.014000,0
28.171158,-314.183824,375.949212,-0.548384,-121.080944,-261.688811,10.639291,229.405533,0,-7.980165,15.598597,-0.066730,-11.576051,-21.966466,1.237649,62.136851,0
28.281208,-322.907196,321.502546,-0.497422,-129.804316,-316.135477,10.690253,327.442476,0,-7.637987,15.621271,-0.085907,-11.233873,-21.943793,1.218472,61.272064,0
28.381210,-311.759717,306.190476,-0.579326,-119.437173,-339.368110,10.892113,339.035724,0,-7.975255,15.562449,-0.102656,-11.741766,-22.201601,1.258607,61.384875,0
28.501226,-331.130600,369.275892,-0.516589,-139.278732,-280.834252,11.113895,247.960934,0,-7.924988,15.299753,-0.082222,-11.846765,-22.624874,1.242973,63.042023,0
28.591195,-309.390262,400.253141,-0.517299,-117.901546,-253.278015,11.227607,187.500733,0,-7.649114,15.395987,-0.024426,-11.685517,-22.628297,1.247366,61.645073,0
28.691203,-318.038943,386.724915,-0.561814,-126.965297,-270.618866,11.308836,210.556039,0,-7.296102,16.025074,0.035281,-11.446471,-22.098099,1.292620,56.830115,0
28.791359,-310.807205,403.578098,-0.593134,-120.158707,-257.593768,11.406515,183.081932,0,-8.838512,14.343913,0.011630,-13.083397,-23.877560,1.299620,69.369341,0
28.901260,-274.393634,475.544370,-0.566916,-84.223026,-189.839434,11.580013,88.684467,0,-7.618714,15.498771,-0.022758,-11.967059,-22.825909,1.317350,59.513465,0
29.001200,-314.173727,431.981073,-0.540421,-124.447254,-237.242880,11.743180,151.581818,0,-8.438644,15.610161,-0.023894,-12.882647,-22.814267,1.343637,60.945339,0
29.111235,-300.890165,417.938449,-0.678042,-111.665068,-255.523393,11.755007,158.733127,0,-8.021491,15.385548,-0.045421,-12.578001,-23.128442,1.312763,60.901460,0
29.211234,-331.561195,400.458946,-0.591077,-142.801033,-276.862415,11.979098,197.415241,0,-7.796457,15.469316,-0.045404,-12.445893,-23.126535,1.325888,59.346975,0
29.311471,-332.996067,370.501989,-0.582964,-144.235905,-306.819372,11.987211,235.876644,0,-7.988467,15.591008,-0.051103,-12.637903,-23.004844,1.320190,59.469341,0
29.421250,-322.935372,440.633092,-0.684813,-135.182331,-244.816531,12.175219,147.141677,0,-7.657727,15.675509,-0.055506,-12.500287,-23.061290,1.333060,57.101790,0
29.521228,-338.276604,405.391010,-0.594617,-151.018319,-283.941054,12.405329,193.157831,0,-8.555215,15.610611,-0.063517,-13.503882,-23.222515,1.335938,59.921012,0
29.621276,-342.962818,448.415454,-0.617918,-156.210721,-244.810705,12.522234,151.158104,0,-7.560425,15.507849,-0.059472,-12.619848,-23.414203,1.341911,57.209479,0
29.731306,-328.939973,390.263405,-0.637270,-142.757418,-307.256275,12.657118,201.980888,0,-7.700046,15.578259,-0.027229,-12.876314,-23.443271,1.374536,56.649249,0
29.831302,-322.166977,388.506295,-0.619282,-136.512980,-312.924248,12.816153,198.636731,0,-7.665183,17.303196,-0.050310,-12.950982,-21.807087,1.360217,49.740763,0
29.931297,-268.947735,410.066219,-0.602305,-83.831824,-295.281231,12.975682,148.477519,0,-7.667202,15.297835,-0.015165,-13.048318,-23.873084,1.410422,56.666393,0
30.041289,-307.010420,426.671196,-0.607365,-122.500210,-282.997576,13.130223,149.490395,0,-6.598240,15.963450,-0.032304,-12.104996,-23.324030,1.418708,51.031124,0
30.141268,-331.045352,372.689876,-0.499328,-147.096703,-340.916089,13.383903,217.542598,0,-7.782804,16.098283,-0.034848,-13.399649,-23.282243,1.421914,53.596682,0
30.241283,-316.065833,292.853186,-0.518332,-132.689286,-424.698277,13.510324,305.435124,0,-7.556341,16.122552,-0.033772,-13.276446,-23.326192,1.420237,52.645501,0
30.351357,-394.807865,446.271233,-0.513918,-212.074277,-275.633902,13.675120,182.084841,0,-7.655293,16.520256,-0.049576,-13.496482,-23.032235,1.407477,51.552538,0
30.451362,-339.603286,411.951094,-0.525082,-157.464388,-313.918032,13.809451,178.256740,0,-6.654782,15.753566,-0.006794,-12.601348,-23.884089,1.448075,51.091941,0
30.551364,-347.285359,458.820832,-0.474526,-165.751813,-271.022200,14.007942,140.211743,0,-7.906325,15.451645,0.004085,-13.959735,-24.286638,1.483403,55.094123,0
30.661464,-291.979062,432.447368,-0.537885,-111.126503,-301.784114,14.111736,135.486560,0,-7.778595,16.147629,-0.012948,-13.963787,-23.711294,1.505248,51.916852,0
30.761606,-339.016361,424.677758,-0.427269,-158.163802,-309.553724,14.222352,164.263536,0,-8.209722,15.588426,-0.032357,-14.394913,-24.270496,1.485839,55.549037,0
30.871372,-308.804070,469.514329,-0.493584,-129.291194,-273.119722,14.478819,113.067027,0,-7.943208,15.305018,-0.012003,-14.391974,-24.778643,1.525323,55.571484,0
30.971321,-362.269872,425.135758,-0.438361,-182.756997,-317.498293,14.534043,175.134223,0,-8.037118,15.476262,-0.011023,-14.485885,-24.607398,1.526304,55.158384,0
31.071323,-326.395256,423.445478,-0.459639,-148.203291,-327.233132,14.826310,156.494739,0,-7.910084,15.360305,-0.022225,-14.572140,-24.935621,1.574327,54.629149,0
31.181310,-340.510711,432.339450,-0.460202,-163.065230,-322.784124,15.001859,155.264938,0,-7.978149,15.705201,-0.040647,-14.765161,-24.708314,1.560555,53.838246,0
31.281496,-340.378853,457.993777,-0.444354,-163.625756,-301.190083,15.177432,134.687917,0,-7.998750,15.778776,-0.025603,-14.909739,-24.748709,1.568685,53.674818,0
31.381347,-356.507013,433.219706,-0.411900,-180.455248,-330.019881,15.368492,161.161174,0,-8.094597,16.063526,0.000657,-15.118387,-24.554265,1.589077,52.547324,0
31.491370,-348.793410,416.701017,-0.456646,-172.741645,-346.538571,15.323745,170.959408,0,-8.111672,15.479112,0.020348,-15.135462,-25.138679,1.608769,54.421827,0
31.591331,-338.469363,470.991009,-0.544090,-163.928485,-300.810016,15.571759,123.913764,0,-7.892161,15.942237,-0.001173,-15.141800,-24.880035,1.604815,52.229131,0
31.691361,-343.262783,438.768127,-0.484220,-169.458121,-337.126442,15.794557,148.788299,0,-8.067987,15.686948,-0.006913,-15.427979,-25.236450,1.621883,53.423262,0
31.801400,-324.454312,555.802576,-0.529101,-151.472546,-224.606165,15.930842,69.357377,0,-7.506643,15.743184,-0.013134,-14.984829,-25.279983,1.633241,51.529873,0
31.901349,-348.080180,435.753745,-0.538006,-175.857396,-348.765081,16.088328,152.193328,0,-7.987630,15.129144,-0.016035,-15.581391,-25.993016,1.648730,54.840896,0
32.011432,-300.044844,463.112006,-0.551575,-128.671516,-325.945199,16.263685,113.807979,0,-8.124637,15.860793,-0.032121,-15.841139,-25.366090,1.684099,52.120305,0
32.111349,-342.558297,441.608180,-0.515440,-171.967022,-351.578379,16.475462,144.347661,0,-8.006546,15.301143,-0.052527,-15.833521,-26.026429,1.705346,53.530002,0
32.211313,-319.043818,510.079344,-0.564176,-149.245755,-287.249702,16.604447,92.086492,0,-8.254053,15.478184,-0.061134,-16.189077,-25.961843,1.716724,53.530024,0
32.321397,-354.492571,400.429760,-0.593179,-185.581796,-401.474119,16.773203,178.927468,0,-7.832380,15.212790,-0.088516,-15.892435,-26.344621,1.707906,53.614312,0
32.421371,-344.872937,456.201997,-0.485881,-176.778721,-349.866871,17.061348,133.923334,0,-8.062967,15.787229,-0.089033,-16.230684,-25.873537,1.719917,52.121208,0
32.541330,-379.267731,374.376171,-0.597063,-212.167248,-436.705063,17.169870,208.937583,0,-7.883718,15.507256,-0.088734,-16.167678,-26.276873,1.742758,52.284820,0
32.631435,-354.620398,451.688616,-0.614286,-188.274052,-363.165222,17.318531,140.188824,0,-7.843137,15.985778,-0.091288,-16.212672,-25.883136,1.749726,50.422124,0
32.731452,-338.031229,460.515059,-0.574577,-172.530737,-358.534357,17.541228,127.607047,0,-7.968851,16.133502,-0.103133,-16.425926,-25.815050,1.726425,50.437043,0
32.831420,-342.356178,525.540005,-0.608056,-177.709675,-297.711364,17.691942,92.357826,0,-7.972372,16.095000,-0.106701,-16.514962,-25.937825,1.735807,50.296284,0
32.941402,-366.860851,451.212966,-0.561112,-203.162258,-376.670180,17.941660,143.826425,0,-8.127616,15.785631,-0.097610,-16.746422,-26.328463,1.746100,51.236241,0
33.041392,-350.114223,442.075430,-0.554827,-187.285122,-390.027136,18.131660,142.478407,0,-7.889506,16.184849,-0.080533,-16.585282,-26.013481,1.756794,48.982839,0
33.151397,-360.678423,537.637419,-0.547643,-198.815262,-299.116039,18.339935,92.650773,0,-7.842985,15.967326,-0.059066,-16.623844,-26.311538,1.768956,49.104105,0
33.251415,-338.481215,441.793802,-0.508945,-177.505548,-399.197407,18.562949,137.233731,0,-7.983602,15.879171,-0.056015,-16.856989,-26.490893,1.786823,49.418597,0
33.351463,-346.357084,458.805435,-0.555957,-186.278263,-386.434739,18.701078,129.464243,0,-7.691338,15.775749,-0.064067,-16.655505,-26.693564,1.786448,49.021423,0
33.451425,-337.899256,460.650021,-0.509049,-178.724047,-388.843872,18.934875,125.016731,0,-7.385406,15.980488,-0.080432,-16.424958,-26.572898,1.789172,47.445123,0
33.561430,-315.450787,466.984923,-0.512678,-157.280563,-387.202412,19.136351,113.991210,0,-7.747264,15.720375,-0.104670,-16.883041,-26.945171,1.759824,49.573694,0
33.661412,-354.176397,453.455770,-0.497435,-196.927765,-405.006302,19.337323,133.958875,0,-7.036134,15.935262,-0.053124,-16.253772,-26.820109,1.804522,46.420648,0
33.771621,-368.216857,478.185764,-0.513414,-211.993324,-384.999918,19.527109,124.676626,0,-7.691376,16.121488,-0.055871,-16.992780,-26.738906,1.811164,47.216204,0
33.871471,-358.992709,482.463272,-0.478679,-203.706558,-385.012619,19.750225,118.809088,0,-7.930848,15.729953,-0.057685,-17.318688,-27.236331,1.828942,48.755900,0
33.981446,-342.385370,472.666754,-0.429131,-188.144927,-399.548873,20.010343,118.129814,0,-7.786004,16.072692,-0.037422,-17.294597,-27.025600,1.877292,46.901046,0
34.081434,-354.677302,449.390808,-0.387887,-201.397626,-427.145865,20.245254,134.304873,0,-7.761746,15.753386,-0.060823,-17.370568,-27.462279,1.876084,47.993340,0
34.181431,-355.789423,426.332333,-0.390753,-203.481471,-454.538252,20.438169,147.245670,0,-8.073826,15.991289,-0.071465,-17.791389,-27.349244,1.886400,48.120539,0
34.281619,-347.489552,431.813981,-0.445450,-195.181600,-449.056605,20.383471,141.391745,0,-8.332152,15.811924,-0.078418,-18.049714,-27.528609,1.879448,49.394063,0
34.391493,-348.120440,497.101493,-0.412484,-197.888897,-392.910321,20.830126,106.722685,0,-7.623235,16.644033,-0.077777,-17.564120,-26.930781,1.890280,45.402877,0
34.491474,-360.284345,500.595896,-0.421643,-211.056365,-393.781628,21.016823,108.584285,0,-7.581950,15.751384,-0.068439,-17.619498,-27.914069,1.890488,47.905647,0
34.591484,-341.527659,466.327881,-0.426656,-193.314061,-432.426221,21.207755,119.335437,0,-7.425071,16.143536,-0.051604,-17.567854,-27.617821,1.907647,46.185974,0
34.701468,-434.758121,384.090819,-0.480256,-287.671036,-519.487817,21.373505,198.406757,0,-7.602391,15.652640,-0.067261,-17.844895,-28.213072,1.927120,47.758682,0
34.801550,-363.553045,505.932361,-0.514226,-217.501221,-402.046847,21.541860,106.652602,0,-7.751387,16.476127,-0.084924,-18.095540,-27.493604,1.936672,45.689413,0
34.901495,-307.762359,496.798447,-0.529512,-162.755603,-415.586085,21.729989,95.561401,0,-7.597867,15.827416,-0.082862,-18.054257,-28.249942,1.952406,47.139576,0
35.011512,-354.766137,475.880613,-0.559390,-210.923927,-441.367389,21.922512,117.540144,0,-7.563466,15.791119,-0.067440,-18.148654,-28.415569,1.954075,47.391961,0
35.111512,-357.122898,464.255514,-0.599774,-214.350644,-457.424246,22.083941,123.528197,0,-7.793085,15.512322,-0.054626,-18.492595,-28.805036,1.963498,48.782904,0
35.211482,-360.584296,483.679005,-0.634159,-218.893322,-442.441382,22.252185,115.163565,0,-7.916919,15.655333,-0.048969,-18.732992,-28.764400,1.977942,48.593101,0
35.321633,-358.761921,504.753287,-0.641989,-218.276564,-426.273901,22.469109,105.062136,0,-7.876765,14.712499,-0.049128,-18.821857,-29.833481,1.991277,51.335360,0
35.426571,-401.467317,498.633755,-0.661779,-262.142303,-437.080673,22.665420,120.141024,0,-8.248124,15.705626,-0.053653,-19.305548,-28.961164,2.005666,49.279127,0
35.531509,-395.520255,507.681466,-0.650625,-257.367077,-432.732089,22.895209,113.993930,0,-6.831731,15.703843,-0.066561,-17.998676,-29.076186,2.016912,46.008201,0
35.631527,-339.708508,540.719976,-0.674528,-202.683602,-404.184566,23.080836,85.450660,0,-7.323513,15.559022,-0.073525,-18.604287,-29.343143,2.021411,47.732758,0
35.731532,-370.935738,507.836990,-0.673216,-233.910832,-437.067552,23.082148,106.607486,0,-8.554553,15.657338,-0.055146,-19.835327,-29.244827,2.039790,50.050939,0
35.841545,-374.153689,500.200018,-0.628753,-239.534190,-454.176795,23.565111,110.196075,0,-7.772137,15.607983,-0.042799,-19.283926,-29.563209,2.047257,48.818010,0
35.941513,-363.990924,467.038891,-0.664899,-229.371425,-487.337923,23.528965,121.777665,0,-7.963190,15.800004,-0.014346,-19.474979,-29.371188,2.075710,48.273424,0
36.041540,-385.419214,497.076211,-0.701843,-253.132716,-466.370723,23.911235,114.268762,0,-7.718885,15.505900,-0.015501,-19.431901,-29.900814,2.086339,48.748079,0
36.151564,-374.549733,483.817181,-0.666838,-243.564101,-484.638429,24.176331,116.469950,0,-7.679309,15.625408,-0.004909,-19.502746,-29.897957,2.086367,48.431084,0
36.251508,-369.619728,537.119730,-0.652071,-239.825720,-435.896898,24.401586,93.910215,0,-7.798184,15.490557,-0.006403,-19.721131,-30.145281,2.099656,49.040112,0
36.361575,-387.534156,511.731344,-0.669915,-259.062455,-466.319849,24.617553,108.113892,0,-7.918430,15.014055,-0.023744,-19.932026,-30.726616,2.100508,50.644168,0
36.461551,-366.744612,457.520031,-0.626975,-239.481356,-525.114940,24.877299,124.467843,0,-7.921027,15.666418,-0.033725,-20.008375,-30.182393,2.134856,48.309801,0
36.561583,-352.974024,532.127189,-0.615139,-226.929961,-455.106441,25.107374,91.460573,0,-7.991563,15.402020,-0.050094,-20.179675,-30.570182,2.131612,49.493451,0
36.661665,-368.046618,520.616515,-0.568183,-243.231188,-471.228331,25.371941,99.078781,0,-8.113620,15.490316,-0.027420,-20.389848,-30.583893,2.146905,49.315538,0
36.771835,-389.241348,530.160748,-0.583885,-264.425918,-461.684097,25.356240,100.873230,0,-8.492764,15.667402,-0.006423,-20.768992,-30.406807,2.167903,49.365985,0
36.871607,-382.389901,530.935853,-0.587354,-258.938390,-465.999067,25.593235,98.713953,0,-7.938447,15.440489,-0.002761,-20.318565,-30.761466,2.179906,48.706692,0
36.981525,-387.116789,525.728625,-0.565002,-264.909157,-475.826482,25.835110,101.604850,0,-7.695494,15.112873,-0.004452,-20.162749,-31.194693,2.195796,48.889166,0
37.081552,-372.716224,500.052006,-0.628563,-253.152016,-511.261604,26.236311,107.220371,0,-7.965185,15.275437,0.003502,-20.599890,-31.260330,2.220672,48.762267,0
37.181578,-409.507739,503.092827,-0.683748,-291.216261,-512.885375,26.401354,115.238431,0,-7.522689,15.704462,0.030064,-20.246652,-30.929230,2.231766,46.463526,0
37.291873,-371.993527,551.220342,-0.626153,-255.116037,-469.913573,26.702918,88.842099,0,-8.008775,15.301764,0.038508,-20.828833,-31.443023,2.250469,48.376064,0
37.391595,-386.686016,542.539152,-0.661530,-271.095012,-483.266543,26.890533,95.051841,0,-7.683987,15.308405,0.022338,-20.584657,-31.539431,2.258463,47.557942,0
37.491578,-391.659169,515.954084,-0.620132,-277.366582,-514.546995,27.157641,105.186123,0,-7.938852,15.617916,0.012639,-20.925271,-31.344056,2.270137,47.234095,0
37.601582,-383.741106,599.898602,-0.621313,-269.448519,-430.602478,27.156460,76.259458,0,-7.344446,16.373281,0.001193,-20.330865,-30.588690,2.258691,44.155459,0
37.701598,-386.960106,580.687583,-0.631237,-275.424026,-459.716231,27.624887,82.703262,0,-8.388195,15.453817,-0.011440,-21.552107,-31.744526,2.267813,48.911373,0
37.801790,-384.775640,519.387254,-0.573549,-273.239561,-521.016561,27.682575,101.908090,0,-7.859277,15.429437,-0.000928,-21.023189,-31.768905,2.278324,47.647450,0
37.911603,-388.419595,587.037847,-0.621431,-279.676580,-463.311600,28.114529,81.083398,0,-7.726936,15.563613,0.015849,-21.075683,-31.850457,2.299169,46.805855,0
38.011642,-406.028034,507.933046,-0.685555,-298.629774,-547.169413,28.278799,110.359370,0,-7.826059,15.659208,0.026751,-21.268394,-31.852444,2.309802,46.658821,0
38.111644,-375.744186,545.145510,-0.675036,-269.699067,-514.717045,28.519040,91.084722,0,-7.598860,14.794907,0.025373,-21.129940,-32.804916,2.322540,48.229506,0
38.221562,-411.656074,537.774125,-0.696802,-307.108848,-527.332269,28.752104,101.259714,0,-7.929421,15.606746,0.018136,-21.556768,-32.100023,2.336502,46.647568,0
38.321786,-388.706168,543.228502,-0.717386,-285.534134,-526.669101,28.964034,94.287112,0,-8.058504,15.366835,0.014135,-21.779765,-32.438412,2.334092,47.640669,0
38.421596,-394.823280,544.545951,-0.714491,-293.029866,-530.131287,29.197430,95.072851,0,-7.319989,15.793801,0.044025,-21.132337,-32.093230,2.353413,44.657262,0
38.531618,-384.975976,548.843231,-0.580605,-284.712763,-531.112963,29.587055,91.377642,0,-7.798112,16.952877,0.030945,-21.706265,-31.028092,2.355376,42.732462,0
38.631640,-389.336861,537.063437,-0.624111,-289.073649,-542.892757,29.543549,95.954706,0,-7.658560,16.129627,0.045476,-21.566714,-31.851342,2.369907,44.252071,0
38.741637,-349.809651,597.212223,-0.567993,-250.946918,-487.552275,29.833756,70.904724,0,-7.666214,15.722816,0.050106,-21.668001,-32.349873,2.390499,45.016155,0
38.841661,-385.028178,538.551814,-0.512512,-289.138913,-556.337283,30.382286,94.052354,0,-7.558851,15.815070,0.052027,-21.767803,-32.440748,2.400644,44.478650,0
38.941655,-380.910156,559.014385,-0.548796,-286.451669,-540.709415,30.582085,87.177968,0,-7.706613,15.506019,0.063890,-22.015178,-32.843658,2.424846,45.261747,0
39.051664,-398.944743,506.857828,-0.562310,-306.073599,-598.195565,30.830581,106.411772,0,-7.681302,15.489647,0.052487,-22.110545,-32.957334,2.434206,45.213972,0
39.151655,-375.468717,572.416533,-0.555545,-284.051060,-537.489984,31.074741,82.283547,0,-7.565368,15.538606,0.059144,-22.101612,-32.997244,2.433324,44.934969,0
39.251695,-396.018539,570.594137,-0.585851,-306.065559,-544.176072,31.284021,86.701541,0,-7.708176,15.828405,0.052180,-22.349074,-32.788995,2.447083,44.359800,0
39.361694,-399.216201,601.108580,-0.475674,-309.263222,-513.661628,31.394199,78.994784,0,-8.260565,16.076765,0.030116,-22.901463,-32.540635,2.425019,45.214914,0
39.461667,-392.675047,529.681949,-0.548771,-305.827170,-595.323339,31.833405,97.358918,0,-7.729037,15.120689,-0.002561,-22.569460,-33.675958,2.452595,46.098736,0
39.561905,-404.454473,522.140986,-0.552843,-319.106342,-607.767027,32.076344,101.770869,0,-7.770712,16.156273,-0.011718,-22.732568,-32.754562,2.452528,43.958813,0
39.671700,-418.944114,556.852946,-0.537690,-333.595983,-573.055066,32.091496,94.701015,0,-7.611104,15.785210,0.008593,-22.572960,-33.125625,2.472840,44.224383,0
39.771793,-396.590525,551.690900,-0.596294,-314.426194,-588.520407,32.544832,91.519642,0,-7.603194,15.809847,0.038495,-22.844339,-33.340470,2.466178,44.883483,0
39.876726,-407.833050,577.387878,-0.591108,-327.280505,-567.992049,32.805177,86.655686,0,-8.107940,14.547070,0.048569,-23.468098,-34.709361,2.480205,48.992829,0
39.981659,-418.260190,572.983651,-0.656426,-339.332588,-577.577826,32.998392,89.798014,0,-7.816861,15.701119,0.041950,-23.302432,-33.678654,2.505752,45.492949,0
40.081721,-412.084728,556.368354,-0.644193,-334.716563,-599.142687,33.258632,92.916425,0,-8.295360,15.538893,0.037369,-23.879931,-33.925607,2.515877,46.752242,0
40.171722,-357.727643,577.988508,-0.651738,-281.771246,-581.982972,33.475942,77.559089,0,-8.257135,15.610708,0.024157,-23.943332,-33.949389,2.522525,46.591771,0
40.291799,-400.201270,555.223832,-0.622836,-326.144629,-610.713787,33.806291,90.705639,0,-7.485592,15.341755,0.022091,-23.306772,-34.344281,2.532548,45.735810,0
40.391770,-400.493838,588.154257,-0.700264,-328.029876,-582.761261,33.981108,82.367745,0,-7.607324,15.747391,0.018880,-23.538682,-34.045877,2.542051,45.079502,0
40.501750,-389.643757,553.534545,-0.639618,-318.946088,-622.870350,34.318734,89.034321,0,-7.946282,15.612075,0.033379,-24.006500,-34.300689,2.551846,46.192076,0
40.601727,-398.646980,559.291598,-0.715532,-329.564825,-622.113372,34.496487,89.157865,0,-6.902242,15.671821,0.033821,-23.061060,-34.340345,2.571071,43.785412,0
40.711667,-398.124849,583.574387,-0.753504,-330.831924,-603.342715,34.742333,82.972914,0,-7.912060,15.891743,0.016999,-24.186706,-34.246030,2.598581,45.146181,0
40.811795,-413.451980,583.023276,-0.698259,-347.799745,-608.926281,35.057693,85.669744,0,-8.096802,15.371907,-0.004544,-24.482618,-34.887953,2.593262,47.117882,0
40.911749,-391.169451,586.252786,-0.724200,-325.517216,-605.696772,35.031752,81.056661,0,-8.009957,15.814458,0.009765,-24.395772,-34.445402,2.607570,45.677125,0
41.011794,-419.515824,583.659637,-0.724424,-357.177995,-618.382493,35.547362,86.474360,0,-7.830092,15.810568,0.028788,-24.464809,-34.720619,2.598399,46.244302,0
41.121696,-411.803356,625.015435,-0.731729,-351.308988,-582.597665,35.823706,75.530681,0,-8.169826,14.867483,0.055745,-24.943556,-35.823019,2.636678,49.142232,0
41.221738,-452.056686,591.905284,-0.673190,-393.253241,-620.794517,36.140943,90.128831,0,-8.181375,15.459739,0.066691,-25.083595,-35.386180,2.652601,48.031353,0
41.321956,-409.488252,588.896305,-0.705675,-352.390972,-628.913024,36.368493,83.305686,0,-8.139452,15.885882,0.079283,-25.163852,-35.097847,2.673963,47.018999,0
41.431737,-413.442753,586.548543,-0.679289,-358.226636,-636.871676,36.678420,84.445872,0,-8.199158,15.586646,0.085641,-25.334812,-35.523383,2.668439,48.152978,0
41.531802,-412.808773,577.616591,-0.677972,-359.314701,-650.927131,36.939455,86.367766,0,-8.662771,15.753240,0.085809,-25.872046,-35.448522,2.681292,48.490636,0
41.631786,-421.043754,601.542991,-0.611246,-369.277446,-632.127332,37.269288,82.133010,0,-8.073859,16.755434,0.045093,-25.354249,-34.518739,2.676588,44.897681,0
41.721770,-439.384822,612.182593,-0.568723,-389.182071,-626.111764,37.550734,82.748465,0,-7.964674,15.799704,0.054797,-25.340719,-35.587874,2.709984,46.650979,0
41.841831,-425.084204,576.035374,-0.571704,-374.881453,-662.258983,37.547754,88.565944,0,-7.887081,15.727343,0.045133,-25.263125,-35.660235,2.700320,46.809114,0
41.951796,-418.311721,541.597838,-0.549694,-372.145866,-708.567763,38.186925,95.299889,0,-8.661142,16.314147,0.053885,-26.274834,-35.377354,2.744393,47.068875,0
42.051785,-423.272676,598.955946,-0.492617,-378.878514,-656.391760,38.513937,82.775347,0,-8.540336,15.161606,0.054301,-26.259296,-36.665345,2.753967,49.732302,0
42.151776,-413.522286,618.798250,-0.521180,-369.128124,-636.549456,38.485374,76.964148,0,-8.549283,15.766426,0.066275,-26.268243,-36.060525,2.765941,48.126637,0
42.261938,-421.519458,610.835379,-0.461606,-380.887921,-655.448555,39.112960,79.831606,0,-8.368441,15.746074,0.088631,-26.337078,-36.360952,2.793013,48.180240,0
42.361788,-430.107731,569.094574,-0.461282,-391.281397,-702.404872,39.387200,90.334896,0,-8.537823,15.693693,0.085231,-26.616809,-36.539316,2.828489,48.435632,0
42.461807,-432.203967,575.967825,-0.509441,-393.377633,-695.531622,39.339042,89.185440,0,-8.319495,15.554040,0.061280,-26.398480,-36.678969,2.804539,48.686587,0
42.571847,-426.786399,608.906996,-0.502421,-391.790718,-673.606684,39.928384,81.036588,0,-8.362640,15.530058,0.028246,-26.655224,-36.974717,2.812540,49.340232,0
42.671825,-429.111002,622.799693,-0.508654,-395.955234,-664.977179,40.198356,78.507395,0,-8.645816,15.723806,0.017745,-27.048919,-36.919470,2.780392,50.337723,0
42.771995,-457.208077,614.638605,-0.498441,-425.906592,-678.425130,40.482869,84.614056,0,-8.527515,15.609780,0.054592,-27.038958,-37.169345,2.792955,50.498672,0
42.881814,-433.037766,633.972703,-0.558626,-403.778775,-664.901800,40.723001,76.906334,0,-8.456601,15.571537,0.080113,-27.055294,-37.340600,2.814757,50.257731,0
42.981815,-428.381830,620.513175,-0.526556,-400.992737,-683.666615,41.031270,78.869828,0,-8.589415,15.594149,0.077995,-27.288188,-37.458131,2.839954,50.444189,0
43.081767,-421.622295,629.583408,-0.439033,-396.112066,-679.912505,41.395589,75.975234,0,-8.568718,15.334955,0.087640,-27.366518,-37.852186,2.856943,51.066524,0
43.191849,-441.720238,609.900940,-0.573717,-418.288954,-705.464606,41.567407,83.077832,0,-8.715886,15.536941,0.099263,-27.601282,-37.783548,2.883575,50.643634,0
43.291937,-426.619557,614.611611,-0.518088,-405.087618,-706.102831,41.903486,79.763064,0,-8.858207,15.623270,0.102657,-27.834883,-37.818467,2.904677,50.612729,0
43.401830,-376.252934,605.519131,-0.502026,-356.817441,-721.083810,42.231810,74.362260,0,-7.845232,15.746541,0.105372,-26.922346,-37.837245,2.946874,47.905717,0
43.501818,-479.676487,645.041583,-0.506887,-462.157455,-686.932797,42.513303,81.793508,0,-8.840221,15.410080,0.048206,-28.007253,-38.311098,2.912107,51.569851,0
43.601873,-433.226929,647.002386,-0.450179,-417.636748,-690.363560,42.857900,74.414886,0,-8.957580,15.695996,0.054384,-28.235408,-38.189802,2.931680,51.355743,0
43.711854,-427.448061,649.311515,-0.466352,-413.989183,-693.997959,43.158224,73.210928,0,-8.956415,15.426751,0.064739,-28.335237,-38.614641,2.942488,52.174905,0
43.811908,-425.841928,637.668113,-0.465450,-414.330761,-711.063041,43.448948,75.174286,0,-9.155022,14.172354,0.071957,-28.621561,-40.015019,2.968588,55.577988,0
43.911878,-434.855207,614.606726,-0.414599,-425.299774,-739.558445,43.791372,80.800111,0,-8.946466,15.595647,0.060670,-28.509662,-38.760810,2.977283,52.039926,0
44.021826,-435.989970,585.988559,-0.399970,-428.595233,-774.170540,44.129848,86.538790,0,-8.876731,15.487394,0.077233,-28.528876,-39.029095,3.022711,51.770869,0
44.121870,-429.364169,630.190039,-0.454722,-421.969431,-729.969059,44.075095,77.091227,0,-9.452166,16.023307,0.067457,-29.104311,-38.493182,3.012935,51.839610,0
44.221880,-428.527953,636.527629,-0.354842,-425.089605,-734.582935,44.767897,75.738146,0,-9.832666,15.683426,0.080879,-29.651584,-39.139900,3.046613,53.619050,0
44.332028,-434.363614,619.359101,-0.367183,-433.118628,-757.807801,45.082074,79.754854,0,-9.163495,16.609716,0.090852,-29.076237,-38.373576,3.055198,50.236875,0
44.431878,-423.845989,635.284273,-0.368230,-424.597910,-747.387279,45.378910,75.385939,0,-8.910320,15.367561,0.116036,-28.909466,-39.761846,3.099346,52.292764,0
