t,px,py,pz,vx,vy,vz,qw,qx,qy,qz,traceP
0.010000,-0.000026,0.000032,-0.000000,-0.002604,0.003233,-0.000047,1.000000,-0.000092,-0.000060,-0.000026,3.3015557805
0.099972,-0.003914,0.002653,0.000677,-0.043355,0.029316,0.007529,0.999988,-0.001213,-0.004742,-0.000203,2.5576977253
0.209963,-0.575117,0.258664,0.004436,-0.085226,0.101316,0.032858,0.999984,-0.001515,-0.005359,-0.000511,2.1576195876
0.310028,-1.423505,0.635998,0.008939,-0.165922,0.159201,0.039298,0.999982,-0.001685,-0.005739,-0.000737,1.9082028590
0.410048,-2.363927,1.052829,0.016838,-0.235757,0.193344,0.069731,0.999894,-0.001100,-0.005918,-0.013289,1.7412945213
0.519978,-3.369509,1.498905,0.025158,-0.349134,0.240553,0.065858,0.999892,0.000194,-0.005872,-0.013454,1.6283451617
0.619961,-4.449908,1.981177,0.032649,-0.478953,0.326717,0.058217,0.999895,0.001652,-0.005484,-0.013303,1.5477052947
0.719944,-4.500613,2.020995,0.034651,-0.507134,0.398248,0.020027,0.999900,0.002844,-0.004900,-0.012950,1.5925182013
0.829969,-4.558046,2.072433,0.036280,-0.522001,0.467508,0.014805,0.999896,0.003808,-0.005666,-0.012722,1.6520462859
0.930095,-4.612480,2.123455,0.042041,-0.543649,0.509576,0.057533,0.999893,0.003543,-0.006578,-0.012545,1.7162965661
1.040017,-4.672173,2.187776,0.053238,-0.543054,0.585151,0.101866,0.999881,0.004404,-0.007927,-0.012502,1.7978942524
1.140116,-4.728029,2.246850,0.065515,-0.558007,0.590165,0.122647,0.999884,0.003915,-0.007637,-0.012601,1.8825314888
1.239975,-4.784326,2.308511,0.077523,-0.563771,0.617476,0.120253,0.999887,0.003693,-0.006448,-0.013065,1.9771724946
1.349979,-4.848959,2.382681,0.083672,-0.587547,0.674255,0.055899,0.999886,0.002982,-0.005166,-0.013839,2.0930331951
1.450231,-4.909340,2.452596,0.085279,-0.602286,0.697387,0.016030,0.999881,0.002233,-0.004486,-0.014603,2.2111741430
1.559967,-4.977086,2.531815,0.087725,-0.617364,0.721908,0.022291,0.999867,0.001620,-0.004583,-0.015580,2.3557235901
1.659984,-5.039468,2.607332,0.084522,-0.623713,0.755039,-0.032030,0.999853,0.001705,-0.004739,-0.016386,2.4999475054
1.760003,-5.102765,2.682122,0.082609,-0.632844,0.747756,-0.019127,0.999836,0.002734,-0.005448,-0.017062,2.6596713636
1.860038,-5.166727,2.755183,0.083396,-0.639397,0.730351,0.007871,0.999820,0.003036,-0.006064,-0.017744,2.8347486244
1.970069,-5.237393,2.836800,0.085268,-0.642241,0.741766,0.017008,0.999805,0.002987,-0.006529,-0.018403,3.0449956780
2.069990,-5.302291,2.912859,0.087408,-0.649485,0.761190,0.021420,0.999795,0.001942,-0.007012,-0.018921,3.2535770591
2.180008,-5.373834,3.000203,0.091830,-0.650292,0.793908,0.040197,0.999782,0.000073,-0.007268,-0.019594,3.5042170678
2.280048,-5.439481,3.081443,0.097055,-0.656201,0.812078,0.052228,0.999769,-0.001525,-0.006738,-0.020360,3.7521540003
2.380031,-5.506970,3.163103,0.099562,-0.675003,0.816733,0.025073,0.999757,-0.002417,-0.006044,-0.021045,4.0186631218
2.490068,-5.584018,3.251893,0.102865,-0.700205,0.806908,0.030016,0.999745,-0.001997,-0.006632,-0.021479,4.3376525010
2.590042,-5.656664,3.334215,0.108096,-0.726651,0.823438,0.052324,0.999733,-0.000522,-0.007693,-0.021768,4.6523639516
2.690040,-5.731747,3.418499,0.116846,-0.750839,0.842858,0.087496,0.999727,0.000159,-0.008610,-0.021708,4.9920594487
2.800093,-5.817727,3.517560,0.128777,-0.781263,0.900115,0.108417,0.999741,0.000302,-0.007875,-0.021371,5.3947387462
2.900097,-5.898071,3.612523,0.136772,-0.803407,0.949605,0.079945,0.999759,-0.000509,-0.006415,-0.020969,5.7871904860
3.000134,-5.982128,3.713280,0.141583,-0.840265,1.007193,0.048096,0.999773,-0.000966,-0.005437,-0.020577,6.2080632476
3.110066,-6.083465,3.827511,0.143377,-0.921817,1.039110,0.016311,0.999788,-0.000803,-0.005414,-0.019857,6.7049966453
3.210246,-6.180546,3.937623,0.143978,-0.969054,1.099133,0.006007,0.999809,-0.000185,-0.004826,-0.018956,7.1926888841
3.310254,-6.281176,4.053346,0.143819,-1.006222,1.157136,-0.001594,0.999833,0.000573,-0.003816,-0.017876,7.7134942948
3.420150,-6.395356,4.188316,0.141690,-1.038977,1.228155,-0.019375,0.999858,0.001507,-0.002944,-0.016545,8.3258616564
3.520126,-6.502629,4.317785,0.137513,-1.072993,1.295006,-0.041781,0.999877,0.002454,-0.002766,-0.015274,8.9223117934
3.620097,-6.615043,4.453039,0.130728,-1.124477,1.352945,-0.067862,0.999896,0.002378,-0.003484,-0.013760,9.5579089412
3.730080,-6.743626,4.609924,0.125075,-1.169116,1.426443,-0.051399,0.999910,0.002263,-0.005068,-0.012211,10.3077034547
3.830082,-6.863620,4.762285,0.124019,-1.199902,1.523567,-0.010561,0.999923,0.001570,-0.006025,-0.010744,11.0385553478
3.930214,-6.987314,4.920640,0.125668,-1.235313,1.581467,0.016463,0.999940,0.001010,-0.006046,-0.009101,11.8164498225
4.040130,-7.127066,5.108883,0.125533,-1.271455,1.712625,-0.001225,0.999962,0.000708,-0.005071,-0.007077,12.7230250696
4.140178,-7.257440,5.288266,0.124182,-1.303103,1.792950,-0.013502,0.999978,0.000568,-0.004167,-0.005149,13.6027180837
4.240161,-7.391046,5.476206,0.118681,-1.336286,1.879722,-0.055025,0.999987,-0.000019,-0.003864,-0.003209,14.5330636113
4.350143,-7.540466,5.694154,0.110979,-1.358592,1.981681,-0.070028,0.999991,-0.000885,-0.004077,-0.001124,15.6226768493
4.450194,-7.677706,5.901982,0.105292,-1.371696,2.077201,-0.056842,0.999989,-0.001844,-0.004295,0.001043,16.6791303060
4.560129,-7.829213,6.142742,0.097432,-1.378154,2.190031,-0.071491,0.999983,-0.002338,-0.003911,0.003535,17.9083838127
4.660158,-7.968276,6.370895,0.089237,-1.390222,2.280872,-0.081935,0.999972,-0.002845,-0.003619,0.005901,19.0960713921
4.760160,-8.108947,6.607747,0.079595,-1.406676,2.368460,-0.096412,0.999955,-0.003254,-0.003307,0.008315,20.3509835678
4.870203,-8.265750,6.880959,0.067440,-1.424925,2.482774,-0.110456,0.999928,-0.003420,-0.003292,0.011023,21.8130490127
4.970432,-8.410592,7.137501,0.055858,-1.445120,2.559563,-0.115553,0.999897,-0.003490,-0.003168,0.013548,23.2245494561
5.070182,-8.555640,7.403788,0.046191,-1.454118,2.669558,-0.096916,0.999857,-0.003328,-0.003834,0.016119,24.7096963208
5.180200,-8.715710,7.710401,0.037525,-1.454938,2.786926,-0.078767,0.999809,-0.003300,-0.003792,0.018905,26.4405071448
5.280155,-8.861576,8.000237,0.029416,-1.459331,2.899682,-0.081134,0.999764,-0.003539,-0.003327,0.021157,28.1016401541
5.390190,-9.022544,8.329924,0.019878,-1.462866,2.996189,-0.086676,0.999718,-0.003430,-0.003423,0.023263,30.0306713876
5.490219,-9.169340,8.637267,0.009352,-1.467541,3.072549,-0.105236,0.999676,-0.003237,-0.003606,0.024983,31.8806825625
5.590232,-9.316160,8.952379,-0.001369,-1.467998,3.150693,-0.107191,0.999634,-0.002712,-0.003455,0.026682,33.8282151315
5.690240,-9.462503,9.274198,-0.011571,-1.463314,3.217937,-0.102014,0.999590,-0.002086,-0.002802,0.028432,35.8765073725
5.800187,-9.623392,9.638303,-0.026286,-1.463329,3.311636,-0.133836,0.999536,-0.001415,-0.002176,0.030339,38.2420894626
5.900223,-9.768629,9.976851,-0.041145,-1.451858,3.384273,-0.148535,0.999483,-0.000740,-0.002601,0.032041,40.5103286605
6.000232,-9.912711,10.323960,-0.055290,-1.440691,3.470773,-0.141440,0.999426,-0.000149,-0.002963,0.033741,42.8932269762
6.110371,-10.069506,10.716300,-0.069845,-1.423617,3.562237,-0.132147,0.999364,0.000407,-0.002415,0.035567,45.6513416863
6.210398,-10.211617,11.080948,-0.085262,-1.420720,3.645501,-0.154136,0.999308,0.000875,-0.001814,0.037147,48.2815545529
6.320224,-10.366216,11.489177,-0.104213,-1.407678,3.717053,-0.172551,0.999248,0.000531,-0.001789,0.038722,51.3124653286
6.420392,-10.505698,11.871488,-0.124812,-1.392480,3.816696,-0.205646,0.999204,0.000337,-0.001440,0.039860,54.2133290828
6.520296,-10.641810,12.262719,-0.146711,-1.362424,3.916056,-0.219200,0.999164,0.000155,-0.001316,0.040860,57.2439913274
6.630252,-10.788854,12.700534,-0.170455,-1.337294,3.981725,-0.215939,0.999124,0.000120,-0.000844,0.041842,60.7414894243
6.730260,-10.920195,13.102218,-0.191805,-1.313305,4.016520,-0.213482,0.999086,0.000175,-0.000545,0.042735,64.0776497552
6.830284,-11.049223,13.509717,-0.213867,-1.289975,4.074017,-0.220574,0.999046,0.000403,0.000118,0.043679,67.5641943100
6.940451,-11.189898,13.965613,-0.240983,-1.276930,4.138239,-0.246135,0.998995,0.000080,0.000489,0.044825,71.5791477393
7.040274,-11.315893,14.387360,-0.268441,-1.262172,4.224929,-0.275066,0.998945,0.000055,0.000017,0.045931,75.3872204983
7.140352,-11.432752,14.816794,-0.292312,-1.167688,4.291006,-0.238522,0.998895,-0.000955,-0.000992,0.046984,79.3828838872
7.250263,-11.559993,15.300707,-0.318157,-1.157673,4.402775,-0.235144,0.998828,-0.003898,-0.002805,0.048165,83.9642490343
7.350272,-11.674546,15.747130,-0.336663,-1.145426,4.463834,-0.185039,0.998781,-0.004433,-0.002794,0.049082,88.3329283436
7.450445,-11.793629,16.201142,-0.360456,-1.188769,4.532273,-0.237524,0.998741,-0.004753,-0.001395,0.049923,92.8774913004
7.560287,-11.923915,16.704038,-0.391786,-1.186118,4.578342,-0.285222,0.998680,-0.004012,-0.000428,0.051210,98.0762735781
7.660317,-12.043191,17.168776,-0.420910,-1.192402,4.645981,-0.291159,0.998626,-0.002539,0.000720,0.052338,103.0261157524
7.770321,-12.176589,17.687562,-0.454714,-1.212669,4.716059,-0.307292,0.998562,-0.001920,0.000757,0.053571,108.6994805974
7.870313,-12.300415,18.166083,-0.485666,-1.238361,4.785606,-0.309553,0.998500,-0.001213,-0.000327,0.054738,114.0828310844
7.970457,-12.426645,18.651725,-0.512747,-1.260487,4.849437,-0.270417,0.998430,-0.001080,-0.001773,0.055971,119.7016195714
8.080319,-12.567488,19.191778,-0.537452,-1.281998,4.915743,-0.224876,0.998358,-0.000332,-0.002420,0.057230,126.1250279637
8.180286,-12.699496,19.688927,-0.559670,-1.320509,4.973113,-0.222250,0.998297,0.000615,-0.002694,0.058264,132.2112429053
8.290321,-12.848828,20.243974,-0.582052,-1.357134,5.044286,-0.203406,0.998236,0.001584,-0.003649,0.059229,139.1870051187
8.390330,-12.992869,20.754469,-0.598230,-1.440285,5.104497,-0.161762,0.998195,0.002196,-0.003520,0.059914,145.7980681657
8.490377,-13.140298,21.270028,-0.617203,-1.473593,5.153177,-0.189646,0.998155,0.002175,-0.003362,0.060586,152.6524548150
8.590356,-13.291446,21.790654,-0.637234,-1.511798,5.207325,-0.200347,0.998124,0.001991,-0.003330,0.061104,159.7661307564
8.700335,-13.460609,22.370451,-0.659070,-1.538144,5.271913,-0.198554,0.998083,0.001745,-0.003039,0.061794,167.9003220181
8.800356,-13.614688,22.912342,-0.680085,-1.540458,5.417755,-0.210099,0.998042,0.001707,-0.002906,0.062457,175.5920037161
8.900396,-13.770089,23.459444,-0.701348,-1.553400,5.468856,-0.212546,0.997994,0.002179,-0.002949,0.063198,183.5712753985
9.010526,-13.942797,24.068051,-0.726003,-1.568223,5.526268,-0.223876,0.997939,0.002601,-0.003226,0.064043,192.6876608109
9.110432,-14.100242,24.626038,-0.748637,-1.575928,5.585119,-0.226550,0.997889,0.003181,-0.003741,0.064751,201.2808640849
9.220347,-14.274443,25.248504,-0.772944,-1.584869,5.663160,-0.221147,0.997832,0.003195,-0.003582,0.065635,211.0906989991
9.320409,-14.434404,25.823354,-0.796390,-1.598622,5.744944,-0.234311,0.997776,0.002584,-0.003040,0.066535,220.3579560197
9.420523,-14.595882,26.405937,-0.822135,-1.612937,5.819193,-0.257163,0.997712,0.001879,-0.003126,0.067508,229.9553278913
9.530449,-14.773770,27.053277,-0.849391,-1.618252,5.888856,-0.247944,0.997638,0.000688,-0.003774,0.068578,240.8848952924
9.630402,-14.934891,27.648110,-0.872168,-1.611965,5.951143,-0.227878,0.997577,0.000300,-0.003522,0.069476,251.1971967911
9.730383,-15.095993,28.248855,-0.895229,-1.611332,6.008591,-0.230652,0.997508,0.000244,-0.003486,0.070467,261.8643022245
9.840339,-15.283046,28.913507,-0.920882,-1.701157,6.044704,-0.233309,0.997434,0.000938,-0.004342,0.071460,274.0116678133
9.940490,-15.452363,29.524737,-0.942070,-1.690613,6.103049,-0.211551,0.997369,0.000958,-0.004702,0.072338,285.4851185707
10.040404,-15.620646,30.141459,-0.963833,-1.684287,6.172569,-0.217824,0.997325,0.001288,-0.002274,0.073052,297.3114273071
10.150436,-15.802554,30.825873,-0.997153,-1.653212,6.220080,-0.302813,0.997280,0.000939,-0.002122,0.073665,310.7582355297
10.250406,-15.968421,31.455103,-1.028588,-1.659172,6.294196,-0.314447,0.997234,0.000447,-0.003802,0.074224,323.4195204546
10.360421,-16.148993,32.154723,-1.053795,-1.641339,6.359327,-0.229125,0.997184,-0.000228,-0.005320,0.074799,337.8593123880
10.460620,-16.311911,32.798540,-1.075586,-1.625956,6.425416,-0.217477,0.997156,-0.001158,-0.005198,0.075174,351.4575099184
10.560418,-16.472507,33.445041,-1.096598,-1.609200,6.478044,-0.210549,0.997199,-0.002214,-0.004603,0.074617,365.4400153948
10.670420,-16.647692,34.163494,-1.121597,-1.592560,6.531280,-0.227251,0.997189,-0.003351,-0.004013,0.074739,381.3555456053
10.770431,-16.805848,34.820622,-1.146200,-1.581391,6.570560,-0.246007,0.997239,-0.003998,-0.003697,0.074057,396.3133459276
10.870445,-16.962877,35.482501,-1.171523,-1.570071,6.617868,-0.253197,0.997232,-0.004867,-0.003898,0.074090,411.7461119399
10.980721,-17.134473,36.217139,-1.197016,-1.556056,6.661816,-0.231171,0.997234,-0.005087,-0.004337,0.074023,429.3251518196
11.080479,-17.288860,36.886232,-1.218859,-1.547619,6.707169,-0.218961,0.997235,-0.005505,-0.005157,0.073928,445.7566947364
11.180447,-17.443543,37.558769,-1.239775,-1.547318,6.727506,-0.209230,0.997248,-0.005298,-0.004964,0.073784,462.7310798808
11.290473,-17.615947,38.302727,-1.263463,-1.566947,6.761667,-0.215298,0.997260,-0.004756,-0.004795,0.073662,482.0007914334
11.390472,-17.774605,38.981821,-1.284827,-1.586603,6.791050,-0.213636,0.997275,-0.003820,-0.004383,0.073547,500.0846921254
11.490502,-17.936246,39.664058,-1.306404,-1.615917,6.820307,-0.215711,0.997283,-0.003295,-0.004698,0.073446,518.7193958427
11.600483,-18.118189,40.417721,-1.325759,-1.654314,6.852655,-0.175981,0.997303,-0.001688,-0.004526,0.073234,539.8607549369
11.700490,-18.287969,41.105306,-1.349087,-1.697678,6.875364,-0.233264,0.997317,-0.001014,-0.004222,0.073079,559.6619462447
11.800520,-18.461366,41.795396,-1.370674,-1.733461,6.898859,-0.215804,0.997285,0.000095,-0.004096,0.073529,580.0743297774
11.910520,-18.656956,42.558739,-1.395111,-1.778082,6.939461,-0.222159,0.997303,0.001101,-0.003214,0.073321,603.1950252339
12.010698,-18.839796,43.255680,-1.418412,-1.825141,6.956991,-0.232590,0.997323,0.001578,-0.002643,0.073061,624.9018029226
12.110653,-19.027308,43.954491,-1.443648,-1.875970,6.991274,-0.252479,0.997345,0.001368,-0.002307,0.072766,647.1804596177
12.220492,-19.239031,44.724842,-1.472596,-1.927586,7.013467,-0.263550,0.997376,0.001136,-0.002095,0.072351,672.3881754374
12.320512,-86.504248,29.819846,0.044389,-14.668214,3.619508,-0.063163,0.994496,0.008380,-0.071732,0.075910,56.3753621937
12.420607,-87.490564,30.126733,0.251762,-14.735078,3.597657,-0.047114,0.994570,0.008522,-0.071094,0.075526,53.3716709278
12.530498,-88.683762,30.532454,0.332487,-14.782082,3.589752,-0.046906,0.994697,0.009084,-0.069706,0.075080,52.4454115036
12.630508,-89.992501,30.899152,0.409433,-14.786996,3.595385,-0.045282,0.994906,0.009533,-0.066919,0.074783,52.0373808484
12.740532,-91.776857,31.277336,0.466224,-14.757392,3.596357,-0.048728,0.994840,0.010715,-0.063128,0.078700,51.7665901037
12.840449,-93.753496,31.589060,0.507141,-14.756072,3.607691,-0.043305,0.995116,0.011803,-0.058639,0.078520,51.4668316490
12.940716,-96.051701,31.886067,0.509332,-14.729756,3.605957,-0.047041,0.995378,0.013250,-0.053731,0.078482,51.0864935775
13.050505,-99.386389,32.099368,0.464414,-14.593243,3.624529,-0.023384,0.995782,0.015059,-0.044835,0.078617,50.2789100042
13.150507,-100.859503,32.460395,0.461177,-14.730814,3.610192,-0.032378,0.995799,0.015692,-0.044938,0.078218,50.2405846852
13.250505,-105.081581,32.584882,0.288692,-14.450305,3.649860,-0.009737,0.996231,0.017604,-0.032663,0.078402,48.9059608726
13.360525,-106.685577,32.984777,0.287973,-14.579155,3.634756,-0.006531,0.996250,0.017945,-0.032909,0.077984,48.8445579117
13.460634,-109.857033,33.252784,0.165665,-14.492951,3.638457,-0.003108,0.996440,0.019320,-0.026088,0.077802,47.7934064367
13.560524,-112.837727,33.525567,0.056185,-14.409784,3.639840,0.008886,0.996576,0.020447,-0.020051,0.077568,46.7882806510
13.670558,-115.767012,33.839822,-0.049161,-14.345332,3.653857,0.009407,0.996695,0.020623,-0.014657,0.077199,45.8272091356
13.770535,-118.446714,34.193165,-0.135239,-14.273703,3.659607,0.020961,0.996784,0.020574,-0.009782,0.076827,44.9028731091
13.870591,-120.990631,33.661567,-0.194192,-14.212788,3.775346,0.014576,0.996980,0.016209,-0.004717,0.075798,44.0515806103
13.980812,-123.518515,34.554418,-0.282123,-14.153259,3.705563,0.024429,0.996995,0.017024,-0.001328,0.075563,43.2698685953
14.080565,-125.812029,35.175503,-0.355059,-14.084710,3.662160,0.035364,0.997021,0.017000,0.002315,0.075204,42.5421808211
14.190554,-128.117689,35.678279,-0.412063,-14.022085,3.626205,0.048434,0.997044,0.016523,0.006006,0.074794,41.8849585033
14.290589,-130.191429,36.000902,-0.466564,-13.958381,3.603378,0.043896,0.997056,0.015954,0.009384,0.074407,41.2859154892
14.390594,-132.172333,36.224352,-0.511501,-13.902782,3.595237,0.037911,0.997058,0.015458,0.012164,0.074089,40.7586676035
14.500651,-134.227945,36.445586,-0.554928,-13.842540,3.598220,0.044115,0.997048,0.015080,0.014477,0.073886,40.2902711403
14.600594,-136.077129,36.629016,-0.600435,-13.778749,3.607739,0.065534,0.997021,0.014742,0.016826,0.073811,39.8705662142
14.710700,-137.972963,36.869775,-0.650514,-13.724238,3.614653,0.049369,0.996973,0.014893,0.019071,0.073889,39.4984858027
14.810677,-139.687830,37.088421,-0.680086,-13.665185,3.621226,0.069649,0.996827,0.014596,0.020361,0.075555,39.1713554131
14.910825,-141.327912,37.355856,-0.729736,-13.588059,3.653161,0.073817,0.996758,0.014961,0.021974,0.075937,38.8870481309
15.010824,-142.861206,37.716327,-0.771141,-13.561685,3.669769,0.065081,0.996728,0.015188,0.021875,0.076319,38.6398396092
15.120601,-144.527682,38.179826,-0.809011,-13.536092,3.662106,0.049836,0.996659,0.015661,0.022976,0.076800,38.4237309267
15.220621,-146.071315,38.632030,-0.845135,-13.501568,3.655850,0.039597,0.996597,0.016100,0.023873,0.077240,38.2360454459
15.330589,-147.785690,37.683942,-0.842544,-13.455285,4.018175,0.046780,0.996721,0.006117,0.027066,0.076011,38.0737051380
15.430805,-149.134183,38.089243,-0.835788,-13.455864,4.044279,0.067419,0.996706,0.006122,0.026778,0.076308,38.0522742195
15.530590,-150.659365,39.184603,-0.884062,-13.402331,3.892116,0.062831,0.996560,0.011867,0.026612,0.077579,37.8942941569
15.630567,-152.154103,40.021154,-0.916595,-13.319607,3.730972,0.060376,0.996392,0.016923,0.027379,0.078533,37.7681866190
15.740606,-153.706929,40.662230,-0.925197,-13.255883,3.662301,0.087723,0.996193,0.020302,0.030756,0.078999,37.6651870150
15.840619,-155.079079,41.178291,-0.935482,-13.249155,3.584808,-0.034514,0.996048,0.022875,0.032365,0.079486,37.5793721311
15.940798,-156.483974,41.619528,-0.929984,-13.208862,3.538479,-0.050801,0.995945,0.025288,0.032553,0.079961,37.5119971254
16.050589,-158.005114,42.059244,-0.946254,-13.156401,3.497566,-0.018912,0.995869,0.027370,0.032007,0.080449,37.4568950509
16.160612,-159.563553,42.508905,-0.961027,-13.066458,3.461896,0.021293,0.995768,0.029332,0.032436,0.080831,37.3818025334
16.260683,-160.869536,42.855393,-0.955640,-13.050518,3.462402,0.053837,0.995738,0.029435,0.032715,0.081056,37.3799298468
16.360628,-162.222765,43.261929,-0.973136,-13.000140,3.413965,0.036125,0.995653,0.030380,0.034237,0.081116,37.3234203611
16.460721,-163.530494,43.601053,-0.970353,-13.065125,3.388087,0.027803,0.995637,0.030309,0.034634,0.081177,37.3243670205
16.570620,-165.024354,43.983608,-0.975137,-13.008907,3.364687,0.024076,0.995597,0.030418,0.036027,0.081018,37.3027937980
16.670628,-166.376148,44.326601,-0.982651,-12.964073,3.331412,0.020220,0.995530,0.031186,0.037312,0.080964,37.2858890505
16.770621,-167.720919,44.658104,-0.987405,-12.905276,3.303339,0.028091,0.995468,0.031481,0.039173,0.080734,37.2734170519
16.880654,-169.177264,45.018302,-0.988145,-12.797307,3.291209,0.041769,0.995428,0.031115,0.040978,0.080471,37.2650873023
16.980739,-170.489733,45.348346,-0.993060,-12.766562,3.273282,0.027564,0.995406,0.030969,0.041890,0.080330,37.2582968425
17.080632,-171.622337,45.650355,-0.971774,-13.157699,3.259976,0.051233,0.995747,0.027688,0.032689,0.081567,37.2541386164
17.190670,-173.152792,46.026677,-0.988243,-12.938950,3.234577,0.056248,0.995542,0.028158,0.040074,0.080605,37.2534967710
17.290683,-174.491670,46.361834,-0.999354,-12.731604,3.181524,0.049252,0.995307,0.028538,0.046312,0.080034,37.2529665487
17.390663,-175.783951,46.684290,-1.007398,-12.558844,3.133065,0.024404,0.995067,0.028853,0.051506,0.079728,37.2533945020
17.500711,-177.169702,47.033270,-1.007801,-12.295509,3.091544,0.022519,0.994680,0.029441,0.058364,0.079611,37.2476753124
17.600742,-178.398119,47.338373,-1.004797,-12.280392,3.050096,0.030032,0.994650,0.029592,0.058202,0.080052,37.2603157434
17.710724,-179.733942,47.677257,-1.004660,-12.157573,3.038015,0.043276,0.994438,0.030140,0.060959,0.080429,37.2639317210
17.810794,-180.930799,47.985472,-1.005272,-12.046066,3.034618,0.053361,0.994198,0.030674,0.063825,0.080962,37.2665521841
17.910868,-182.112103,48.288609,-1.005736,-11.943050,3.006293,0.055060,0.993951,0.031404,0.066377,0.081668,37.2696464390
18.020841,-183.424730,48.615051,-0.999298,-11.935878,2.968381,0.058545,0.993848,0.032490,0.066415,0.082461,37.2873659098
18.120745,-184.562050,48.910256,-1.000205,-11.767266,2.947484,0.060501,0.993528,0.034522,0.068899,0.083449,37.2882150967
18.220771,-185.689966,49.200730,-1.002166,-11.625138,2.915770,0.058829,0.993203,0.036390,0.071341,0.084468,37.2901754210
18.330751,-186.921800,49.515045,-0.999634,-11.487564,2.880029,0.073070,0.992865,0.038206,0.073719,0.085583,37.2946666519
18.430919,-188.035080,49.798174,-0.997303,-11.384935,2.859166,0.077837,0.992584,0.039177,0.075858,0.086531,37.2977162956
18.530771,-189.135222,50.065069,-0.992852,-11.291806,2.765126,0.088621,0.992370,0.039246,0.077370,0.087606,37.3012034006
18.640758,-190.339587,50.364588,-0.995193,-11.208809,2.741578,0.092006,0.992144,0.039039,0.079055,0.088754,37.3067769505
18.740726,-191.412058,50.622672,-0.999129,-11.111788,2.687885,0.099416,0.991824,0.039192,0.081382,0.090144,37.3106500097
18.850727,-192.580525,50.899799,-1.004248,-11.018972,2.619851,0.093113,0.991696,0.039808,0.084199,0.088689,37.3164638799
18.950937,-193.618028,51.145137,-1.005332,-10.914629,2.563204,0.093539,0.991284,0.040412,0.087152,0.090151,37.3205192704
19.050732,-194.633419,51.380687,-1.008549,-10.836074,2.485508,0.103726,0.990818,0.041400,0.090422,0.091596,37.3248204382
19.150741,-195.619836,51.613327,-1.014626,-10.684063,2.424979,0.109951,0.990207,0.042805,0.094807,0.093107,37.3291478735
19.260764,-196.693559,51.862222,-1.020437,-10.534360,2.348790,0.108922,0.989528,0.044230,0.099556,0.094693,37.3353585389
19.360778,-197.635291,52.081295,-1.025719,-10.370822,2.276112,0.107069,0.988773,0.045983,0.104642,0.096243,37.3395442608
19.470789,-198.657582,52.315107,-1.030464,-10.207434,2.185079,0.097435,0.987954,0.047925,0.109780,0.097974,37.3456547300
19.570741,-199.544625,52.524679,-1.035403,-10.019251,2.114448,0.102298,0.987055,0.050051,0.115380,0.099527,37.3497728719
19.670734,-200.406183,52.726316,-1.042277,-9.815797,2.031162,0.112383,0.986096,0.051999,0.121238,0.101052,37.3540139112
19.780907,-201.339895,52.941978,-1.048857,-9.603101,1.949115,0.133297,0.985135,0.054205,0.127318,0.101792,37.3602952103
19.880802,-202.139543,53.129867,-1.070791,-9.361809,1.870825,0.115576,0.984042,0.055987,0.133667,0.103245,37.3641609106
19.981002,-202.921133,53.312553,-1.081289,-9.139843,1.799350,0.127452,0.983830,0.056799,0.133696,0.104777,37.3683553264
20.090769,-203.757963,53.500776,-1.094842,-8.869810,1.702066,0.126140,0.982764,0.058098,0.139975,0.105862,37.3742129240
20.190763,-204.483374,53.672575,-1.108509,-8.587737,1.627278,0.136701,0.981713,0.059306,0.146242,0.106469,37.3780867879
20.300771,-205.275499,53.857274,-1.120356,-8.304862,1.548813,0.143895,0.980737,0.060117,0.152146,0.106732,37.3839494696
20.400780,-205.962577,54.024112,-1.132825,-8.024022,1.478573,0.143686,0.979846,0.060610,0.157767,0.106476,37.3877025155
20.500817,-206.633574,54.187290,-1.145998,-7.743880,1.408493,0.133055,0.979079,0.060706,0.162894,0.105752,37.3915598081
20.610843,-207.364604,54.358259,-1.156460,-7.469578,1.324165,0.115200,0.978455,0.061234,0.167136,0.104605,37.3974026907
20.710823,-207.999392,54.520819,-1.165215,-7.188061,1.275599,0.117817,0.978086,0.060191,0.170916,0.102532,37.4013135918
20.810999,-208.621628,54.673591,-1.177619,-6.902486,1.194805,0.107570,0.977721,0.059719,0.174513,0.100206,37.4053984416
20.921004,-209.300356,54.841552,-1.182406,-6.625241,1.112814,0.099818,0.976446,0.060124,0.183037,0.097143,37.4114603239
21.020860,-209.900149,55.016607,-1.184743,-6.382675,1.105221,0.105234,0.976210,0.059606,0.186202,0.093757,37.4155687615
21.120809,-210.458758,54.899220,-1.180881,-6.154866,0.731507,0.085206,0.975086,0.064230,0.187270,0.100054,37.4197677917
21.230809,-211.093924,55.131469,-1.181053,-5.931033,0.804933,0.057905,0.975357,0.060046,0.190203,0.094315,37.4260092483
21.330815,-211.641012,55.332912,-1.184329,-5.703262,0.864387,0.028484,0.975575,0.057382,0.192264,0.089419,37.4302500274
21.431006,-212.164687,55.516007,-1.185350,-5.449312,0.913640,0.034794,0.975736,0.054896,0.193962,0.085471,37.4347823358
21.540869,-212.720541,55.688688,-1.189521,-5.166166,0.929554,0.023612,0.975869,0.052601,0.195392,0.082068,37.4409984992
21.640830,-213.220576,55.841359,-1.187992,-4.926876,0.948963,0.008422,0.976134,0.050317,0.195898,0.079088,37.4452652805
21.740854,-213.712709,55.983933,-1.183945,-4.663144,0.960438,-0.026800,0.976661,0.048313,0.194963,0.076088,37.4496088869
21.850850,-214.253536,56.126947,-1.170146,-4.379566,0.943227,-0.024203,0.977641,0.046142,0.191675,0.073145,37.4560836183
21.951028,-214.849786,56.296244,-1.158051,-4.333936,1.005840,-0.037718,0.979549,0.041811,0.183975,0.069924,37.4508582292
22.060839,-215.286448,56.401022,-1.169571,-3.976493,0.954165,-0.104908,0.979704,0.042039,0.183722,0.068255,37.4683289355
22.160834,-215.975834,56.560794,-1.135030,-4.151242,1.050996,-0.070580,0.982383,0.035464,0.171325,0.065683,37.4626499044
22.260894,-216.364684,56.663304,-1.143178,-3.886141,1.024484,-0.081430,0.982465,0.033486,0.171888,0.063991,37.4784219370
22.370865,-216.983236,56.781105,-1.127892,-3.957700,0.956008,-0.055393,0.984796,0.030612,0.158883,0.063221,37.4838323928
22.470879,-217.356198,56.872452,-1.135735,-3.729071,0.913336,-0.078415,0.985983,0.032198,0.151104,0.062988,37.5012849741
22.570913,-217.929017,57.009470,-1.114965,-3.831052,1.017314,-0.070175,0.988580,0.027689,0.133835,0.063498,37.5026468629
22.680927,-218.502709,57.148336,-1.105038,-3.813188,1.126208,-0.107223,0.990242,0.023779,0.121920,0.063178,37.5072995777
22.780972,-219.044985,57.252678,-1.081541,-3.832491,1.132316,-0.098791,0.991474,0.019607,0.112751,0.062313,37.5104388317
22.880931,-219.581600,57.348955,-1.055965,-3.786028,1.077324,0.199810,0.991898,0.016138,0.110245,0.061021,37.5159019222
22.991147,-220.160313,57.448944,-1.039133,-3.763712,0.945200,0.364080,0.991444,0.016895,0.114459,0.060439,37.5218463985
23.090950,-220.767357,57.586281,-0.958364,-3.984094,1.103990,0.430156,0.991233,0.012966,0.114776,0.064149,37.5130872325
23.190923,-221.153772,57.699077,-0.932096,-3.865175,1.128260,0.262750,0.990475,0.015680,0.121384,0.063089,37.5279404117
23.300967,-221.748818,57.821413,-0.929903,-4.025914,1.130359,-0.001712,0.991194,0.014804,0.115969,0.062175,37.5200677797
23.400864,-222.136613,57.935742,-0.943884,-3.881942,1.144463,-0.139953,0.991495,0.014109,0.113982,0.061216,37.5353950476
23.511080,-222.636253,58.046332,-0.922970,-3.807501,1.101602,-0.095844,0.992171,0.012727,0.108840,0.059906,37.5407893517
23.611031,-223.107492,58.148418,-0.923036,-3.769933,1.063744,-0.052449,0.992584,0.012323,0.105418,0.059256,37.5444691148
23.710962,-223.578405,58.264342,-0.918575,-3.745910,1.107442,-0.024021,0.992873,0.010710,0.103050,0.058892,37.5481836394
23.821017,-224.085534,58.385436,-0.908080,-3.699560,1.111526,0.034867,0.992835,0.010459,0.103953,0.057996,37.5539322109
23.921154,-224.571071,58.495412,-0.895863,-3.727382,1.117761,0.045199,0.992690,0.009361,0.105668,0.057568,37.5574259155
24.021016,-225.050722,58.611318,-0.887916,-3.759379,1.163715,-0.001310,0.992497,0.007331,0.107882,0.057076,37.5607648861
24.130992,-225.570262,58.720329,-0.871745,-3.835997,1.081502,0.039268,0.992307,0.007486,0.110103,0.056109,37.5662472562
24.230983,-226.040307,58.831860,-0.879144,-3.922747,1.042302,-0.008212,0.992565,0.009290,0.107791,0.055770,37.5697739098
24.341031,-226.517873,58.984791,-0.994507,-3.909080,1.150439,-0.198457,0.993206,0.009134,0.101772,0.055680,37.5750942865
24.441227,-226.925681,59.102027,-0.986128,-3.870471,1.184375,-0.318217,0.994134,0.008330,0.092773,0.054969,37.5786209496
24.541073,-227.330423,59.202237,-0.987146,-3.799663,1.171976,-0.350338,0.995023,0.006657,0.083378,0.054149,37.5829321129
24.650995,-227.783528,59.310242,-1.015964,-3.728750,1.145433,-0.376073,0.995782,0.004737,0.074582,0.053222,37.5891764557
24.750998,-228.252194,59.402726,-1.016600,-3.775196,1.008279,-0.236823,0.996505,0.003660,0.064141,0.053380,37.5849264916
24.851050,-228.614921,59.504144,-1.010787,-3.625405,1.013663,0.058096,0.996579,0.007737,0.062491,0.053532,37.6027152788
24.961233,-229.087481,59.669423,-1.025521,-3.611998,1.164205,0.156799,0.996653,0.007947,0.061768,0.052950,37.6087018503
25.061031,-229.526502,59.789883,-1.007163,-3.648721,1.161998,0.111335,0.996800,0.008079,0.060096,0.052088,37.6116307432
25.161029,-229.954139,59.912015,-0.980508,-3.620027,1.213072,0.004854,0.997083,0.006842,0.056030,0.051378,37.6147007782
25.271051,-230.426080,60.038575,-0.963008,-3.537809,1.232935,-0.034950,0.997511,0.005252,0.049003,0.050421,37.6203922268
25.371074,-230.752049,60.162285,-0.967568,-3.258952,1.236818,-0.045583,0.997665,0.004821,0.046720,0.049590,37.6380781647
25.471059,-231.046524,60.287227,-0.970401,-2.945187,1.249603,-0.028339,0.997748,0.005585,0.045651,0.048822,37.6581836709
25.581043,-231.332275,60.429470,-0.971890,-2.598107,1.293303,-0.013540,0.997765,0.006896,0.046147,0.047835,37.6831243786
25.681069,-231.561280,60.562869,-0.976360,-2.289450,1.333637,-0.044681,0.997773,0.007817,0.046794,0.046883,37.7082509203
25.781062,-231.760084,60.700612,-0.983362,-1.988179,1.377531,-0.070031,0.997790,0.007786,0.047377,0.045927,37.7364556322
25.891055,-231.944711,60.853664,-0.994288,-1.678545,1.391476,-0.099334,0.997787,0.008463,0.048343,0.044863,37.7712397938
25.991233,-232.088357,60.996331,-1.008648,-1.433902,1.424129,-0.143342,0.997837,0.009354,0.048962,0.042850,37.8064223105
26.101136,-232.219123,61.155940,-1.027317,-1.189832,1.452273,-0.169865,0.997841,0.010155,0.049545,0.041910,37.8500063842
26.201133,-232.317564,61.303227,-1.045493,-0.984435,1.472906,-0.181771,0.997827,0.010661,0.050226,0.041301,37.8947789730
26.301083,-232.397927,61.452596,-1.064166,-0.804043,1.494445,-0.186822,0.997812,0.011140,0.050947,0.040638,37.9447693683
26.411290,-232.466645,61.619315,-1.086796,-0.623528,1.512774,-0.205337,0.997816,0.011382,0.052096,0.038974,38.0064203949
26.511317,-232.512998,61.772382,-1.102133,-0.463404,1.530258,-0.153328,0.997789,0.011537,0.052888,0.038569,38.0706327773
26.611198,-232.543512,61.927785,-1.119929,-0.305502,1.555889,-0.178179,0.997777,0.011921,0.053345,0.038127,38.1409716549
26.721095,-232.555991,62.101945,-1.137754,-0.113556,1.584757,-0.162194,0.997781,0.011596,0.053552,0.037832,38.2289146589
26.821180,-232.549822,62.263265,-1.155359,0.061642,1.611829,-0.175907,0.997786,0.011410,0.053638,0.037626,38.3180263419
26.921159,-232.525875,62.427457,-1.174525,0.239514,1.642262,-0.191695,0.997795,0.011158,0.053530,0.037628,38.4168899333
27.031140,-232.478073,62.610891,-1.197627,0.434639,1.667872,-0.210058,0.997791,0.010823,0.053429,0.037976,38.5377929638
27.131142,-232.417456,62.781453,-1.219939,0.606159,1.705587,-0.223117,0.997779,0.010502,0.053340,0.038481,38.6599962053
27.241131,-232.330303,62.973624,-1.246062,0.792381,1.747191,-0.237499,0.997770,0.010054,0.053203,0.039041,38.8087399059
27.341142,-232.234075,63.151474,-1.270519,0.962165,1.778284,-0.244545,0.997750,0.009595,0.053159,0.039719,38.9585570348
27.441229,-232.121247,63.333183,-1.296408,1.127308,1.815525,-0.258663,0.997722,0.009513,0.053127,0.040469,39.1229068432
27.551129,-231.977123,63.539641,-1.325743,1.311403,1.878593,-0.266920,0.997686,0.009112,0.053143,0.041406,39.3218106776
27.651142,-231.829343,63.730872,-1.353533,1.477602,1.912051,-0.277867,0.997642,0.008896,0.053196,0.042455,39.5205734403
27.751142,-231.665358,63.926577,-1.382383,1.639865,1.957069,-0.288508,0.997603,0.008906,0.052963,0.043635,39.7375193105
27.861148,-231.464751,64.147024,-1.416138,1.823601,2.003960,-0.306841,0.997550,0.008552,0.052757,0.045134,39.9983529130
27.961273,-231.265462,64.352973,-1.447291,1.990403,2.056904,-0.311142,0.997505,0.008494,0.052504,0.046431,40.2584825400
28.061187,-231.049465,64.563092,-1.479196,2.161829,2.103006,-0.319322,0.997450,0.008483,0.052400,0.047700,40.5404039598
28.171123,-230.790951,64.800329,-1.514494,2.351491,2.157954,-0.321082,0.997383,0.008585,0.052218,0.049258,40.8781954598
28.271148,-230.538370,65.021730,-1.546813,2.525168,2.213447,-0.323109,0.997313,0.008752,0.052291,0.050553,41.2126836740
28.381230,-230.239805,65.271447,-1.585172,2.712213,2.268467,-0.348452,0.997227,0.008874,0.052491,0.052008,41.6105440238
28.481210,-229.951105,65.504443,-1.620853,2.887569,2.330415,-0.356883,0.997147,0.009213,0.052646,0.053299,42.0033756152
28.581198,-229.645722,65.742011,-1.658539,3.054213,2.375984,-0.376904,0.997070,0.009751,0.052697,0.054590,42.4257846982
28.691175,-229.289596,66.009881,-1.700761,3.238171,2.435680,-0.383915,0.997016,0.010158,0.052167,0.055989,42.9281227124
28.791163,-228.949095,66.258971,-1.741234,3.405424,2.491196,-0.404787,0.996990,0.010396,0.051339,0.057160,43.4205434436
28.891181,-228.590691,66.512458,-1.781597,3.583399,2.534420,-0.403549,0.996973,0.010642,0.050242,0.058369,43.9509577204
29.001225,-228.175341,66.798008,-1.826374,3.774396,2.594865,-0.406904,0.996910,0.011419,0.049967,0.059530,44.5782158831
29.101241,-227.780228,67.062172,-1.865393,3.950497,2.641219,-0.390130,0.996808,0.011912,0.050659,0.060544,45.1928434237
29.201196,-227.369164,67.331511,-1.905288,4.112493,2.694604,-0.399124,0.996691,0.012450,0.051550,0.061599,45.8480275096
29.311305,-226.898512,67.635592,-1.958968,4.274411,2.761628,-0.487518,0.996688,0.012400,0.051862,0.061395,46.6150064851
29.411349,-226.456285,67.917349,-2.010110,4.420322,2.816336,-0.511202,0.996532,0.012136,0.051532,0.064194,47.3647759611
29.511259,-226.000307,68.203892,-2.061520,4.563917,2.868028,-0.514557,0.996488,0.012196,0.050887,0.065371,48.1642147084
29.621237,-225.479613,68.530089,-2.118355,4.734520,2.966016,-0.516790,0.996116,0.011512,0.056514,0.066525,49.1044054296
29.721255,-224.991433,68.834218,-2.170459,4.880897,3.040732,-0.520939,0.996009,0.009747,0.057673,0.067419,50.0169786259
29.831273,-224.436613,69.173489,-2.227491,5.043020,3.083783,-0.518391,0.995859,0.007989,0.059203,0.068522,51.0861654626
29.931429,-223.918420,69.488326,-2.287691,5.173834,3.143455,-0.601062,0.995752,0.006477,0.060120,0.069439,52.1159912555
30.031280,-223.388431,69.807312,-2.349209,5.307797,3.194625,-0.616098,0.995712,0.005366,0.060086,0.070129,53.2096039320
30.141230,-222.788695,70.163288,-2.415348,5.454649,3.237627,-0.601542,0.995634,0.004874,0.060696,0.070744,54.4906589121
30.241238,-222.230305,70.490373,-2.476747,5.583478,3.270600,-0.613943,0.995553,0.004547,0.061259,0.071414,55.7265042001
30.351270,-221.600801,70.854941,-2.546880,5.721097,3.313295,-0.637389,0.995491,0.004815,0.061390,0.072147,57.1666009695
30.451481,-221.014791,71.190419,-2.612757,5.847733,3.347694,-0.657371,0.995442,0.004847,0.061327,0.072873,58.5576653761
30.551253,-220.419796,71.528968,-2.678346,5.963556,3.393236,-0.657389,0.995397,0.005359,0.061236,0.073528,60.0218413091
30.651275,-219.812696,71.873076,-2.744916,6.069668,3.440330,-0.665562,0.995353,0.005219,0.061336,0.074050,61.5695215616
30.761277,-219.132535,72.255319,-2.818138,6.183153,3.474856,-0.665638,0.995324,0.005163,0.061542,0.074266,63.3681241878
30.861263,-218.503879,72.604567,-2.885029,6.287471,3.492990,-0.669006,0.995295,0.005542,0.061858,0.074375,65.0960298853
30.961440,-217.864403,72.957089,-2.951834,6.383424,3.518972,-0.666872,0.995266,0.005749,0.062189,0.074469,66.9192573688
31.071300,-217.152162,73.346869,-3.027503,6.483152,3.547965,-0.688770,0.995238,0.006313,0.062523,0.074514,69.0238873162
31.171251,-216.484517,73.704027,-3.099937,6.679738,3.573335,-0.724702,0.995220,0.007152,0.062563,0.074640,71.0473996409
31.281264,-215.740327,74.101094,-3.179802,6.764562,3.609275,-0.725959,0.995215,0.007818,0.062663,0.074563,73.3897375328
31.381331,-215.054261,74.465622,-3.253242,6.856105,3.642859,-0.733911,0.995224,0.008209,0.062732,0.074340,75.6340366257
31.481319,-214.359983,74.833200,-3.326867,6.943613,3.676217,-0.736339,0.995239,0.008801,0.062576,0.074204,77.9880418179
31.591275,-213.585334,75.240117,-3.408360,7.045089,3.700726,-0.741142,0.995256,0.009153,0.062462,0.074023,80.7076231042
31.691309,-212.872362,75.613395,-3.482794,7.127272,3.731501,-0.744078,0.995280,0.009433,0.062324,0.073793,83.3089344194
31.791288,-212.151771,75.989684,-3.557952,7.207405,3.763677,-0.751738,0.995316,0.009461,0.061933,0.073622,86.0320403777
31.901327,-211.348496,76.406445,-3.641394,7.299915,3.787393,-0.758294,0.995375,0.009482,0.061215,0.073431,89.1755386179
32.001378,-210.609639,76.786638,-3.717007,7.384825,3.800006,-0.755748,0.995416,0.009320,0.060697,0.073326,92.1767133738
32.101357,-209.863114,77.169097,-3.791744,7.466801,3.825380,-0.747524,0.995446,0.009499,0.060342,0.073181,95.3150768556
32.211440,-209.031134,77.592809,-3.872179,7.557723,3.849009,-0.730678,0.995480,0.009317,0.060041,0.072997,98.9352821281
32.311382,-208.267907,77.981108,-3.944835,7.636709,3.885245,-0.726976,0.995502,0.008961,0.059901,0.072857,102.3788849612
32.411539,-207.495202,78.372694,-4.016949,7.714994,3.909751,-0.720020,0.995541,0.008552,0.059455,0.072733,105.9840957498
32.521363,-206.636086,78.805828,-4.074889,7.822662,3.943894,-0.527567,0.995594,0.008025,0.058846,0.072562,110.1516541480
32.621335,-205.846052,79.202624,-4.127108,7.902526,3.969062,-0.522334,0.995633,0.007656,0.058447,0.072390,114.1005948668
32.731336,-204.967111,79.642453,-4.182551,7.990273,3.998390,-0.504023,0.995657,0.007176,0.058280,0.072243,118.6425384414
32.831352,-204.160158,80.044932,-4.233410,8.068270,4.024163,-0.508510,0.995685,0.006646,0.058119,0.072041,122.9572624394
32.941445,-203.263592,80.490659,-4.290257,8.143703,4.048637,-0.516354,0.995725,0.005744,0.057695,0.071900,127.9129881608
33.041371,-202.443869,80.897594,-4.342394,8.203318,4.072371,-0.521755,0.995784,0.005362,0.056907,0.071750,132.6107334308
33.141382,-201.616548,81.307166,-4.394528,8.272273,4.095259,-0.521288,0.995875,0.004646,0.055518,0.071612,137.5080296799
33.241417,-221.886973,74.167042,-1.181259,2.384026,1.923926,0.251421,0.997100,0.011365,0.005610,0.075039,48.2661591181
33.351383,-221.626255,74.378044,-1.150123,2.370887,1.918777,0.283139,0.996923,0.011310,0.005629,0.077369,48.4472264517
33.451441,-221.391033,74.570546,-1.119942,2.350850,1.923910,0.301635,0.996884,0.011597,0.007025,0.077704,48.6103928300
33.551386,-221.158577,74.763739,-1.093138,2.325857,1.933000,0.268185,0.996845,0.011622,0.008061,0.078100,48.7720653881
33.661432,-220.906238,74.976817,-1.066248,2.293030,1.936263,0.244358,0.996768,0.014982,0.007898,0.078533,48.9502791390
33.761444,-220.679812,75.170744,-1.042263,2.263983,1.939032,0.239819,0.996738,0.014992,0.007492,0.078940,49.1121884721
33.871436,-220.436102,75.383380,-1.016271,2.215704,1.933190,0.236309,0.996710,0.014843,0.007344,0.079342,49.2912083511
33.971601,-220.219946,75.576841,-0.991221,2.158009,1.931435,0.250084,0.996679,0.015146,0.007438,0.079664,49.4551449316
34.071440,-220.013954,75.769110,-0.965359,2.063236,1.925786,0.259033,0.996652,0.015303,0.007858,0.079927,49.6199461135
34.181413,-219.802100,75.979722,-0.936108,1.926420,1.915126,0.265988,0.996622,0.015228,0.008528,0.080247,49.8039962850
34.281443,-219.623026,76.169522,-0.910165,1.790212,1.897441,0.259348,0.996606,0.015181,0.008895,0.080417,49.9732823546
34.381443,-219.458385,76.356433,-0.885332,1.646394,1.869093,0.248333,0.996577,0.015524,0.009041,0.080693,50.1454771623
34.491408,-219.296353,76.560553,-0.857734,1.473497,1.856235,0.250970,0.996554,0.015624,0.009197,0.080947,50.3399437777
34.591451,-219.166046,76.744798,-0.831769,1.302502,1.841648,0.259543,0.996574,0.015151,0.009705,0.080722,50.5216411601
34.691421,-219.053144,76.923521,-0.805166,1.129362,1.787774,0.266112,0.996632,0.015162,0.010124,0.079946,50.7086721310
34.801389,-218.951529,77.113490,-0.776401,0.924049,1.727498,0.261578,0.996720,0.016368,0.010460,0.078559,50.9219719796
34.901459,-218.879446,77.282343,-0.751849,0.720315,1.687343,0.245347,0.996822,0.017094,0.010130,0.077145,51.1234457693
35.001532,-218.827363,77.447516,-0.728197,0.520453,1.650518,0.236343,0.996949,0.017057,0.009310,0.075604,51.3335731544
35.111445,-218.793191,77.622990,-0.701705,0.310899,1.596485,0.241022,0.997112,0.016837,0.009341,0.073457,51.5762037341
35.211478,-218.781338,77.776594,-0.678207,0.118492,1.535535,0.234904,0.997267,0.016965,0.009493,0.071285,51.8081276481
35.321446,-218.789474,77.921125,-0.655792,-0.073989,1.314298,0.203836,0.997442,0.017340,0.009653,0.068669,52.0772980940
35.421467,-218.815025,78.048465,-0.633504,-0.255454,1.273133,0.222829,0.997598,0.017605,0.010066,0.066233,52.3376620662
35.521443,-218.857331,78.171558,-0.612718,-0.423160,1.231234,0.207910,0.997742,0.017893,0.010586,0.063867,52.6114546908
35.631450,-218.922883,78.301976,-0.593107,-0.595894,1.185538,0.178273,0.997894,0.017840,0.010491,0.061468,52.9314691538
35.731454,-218.996116,78.416863,-0.577313,-0.732298,1.148825,0.157934,0.998027,0.017903,0.009507,0.059418,53.2413466362
35.831454,-219.080293,78.528519,-0.561307,-0.841774,1.116561,0.160058,0.998158,0.018200,0.006879,0.057466,53.5715560626
35.941696,-219.175986,78.648671,-0.542198,-0.868020,1.089887,0.173336,0.998278,0.019089,0.004737,0.055269,53.9579698269
36.041439,-219.267986,78.754049,-0.523667,-0.922369,1.056502,0.185793,0.998373,0.019768,0.003067,0.053400,54.3341876231
36.141450,-219.366903,78.857079,-0.506313,-0.989064,1.030186,0.173515,0.998439,0.020949,-0.000780,0.051770,54.7361182059
36.251457,-223.521997,78.807008,-0.091399,-3.815656,1.170961,0.136389,0.998236,0.013517,-0.043334,0.038267,51.3891496129
36.351450,-223.896239,78.896714,-0.053205,-3.915293,1.164157,0.145496,0.998072,0.012844,-0.048363,0.036728,50.9717856522
36.461539,-224.234894,78.999767,-0.037753,-3.917410,1.122612,0.152929,0.998055,0.012418,-0.050140,0.034889,50.7882336012
36.561491,-224.555628,79.104226,-0.012385,-3.880475,1.090074,0.194292,0.998232,0.011799,-0.048040,0.032955,50.6817152668
36.671460,-224.947260,79.219307,-0.046866,-3.865968,1.024459,0.144554,0.998456,0.014449,-0.044101,0.030517,50.6156748968
36.771554,-225.341542,79.320307,-0.051395,-3.829106,1.073371,0.311857,0.998761,0.017013,-0.036880,0.028770,50.5652479047
36.871485,-225.762334,79.413696,-0.163850,-3.775726,1.163765,0.410354,0.999124,0.018309,-0.026175,0.027022,50.5221227050
36.981771,-226.281652,79.529674,-0.163851,-3.714662,1.266967,0.369802,0.999447,0.017670,-0.015172,0.023737,50.4823329223
37.081487,-226.804682,79.673657,-0.055948,-3.618250,1.243458,0.277831,0.999658,0.016298,-0.008310,0.018712,50.4405993870
37.181495,-227.284699,79.827104,0.030707,-3.540364,1.166719,0.233352,0.999773,0.015935,-0.004800,0.013333,50.4014572979
37.291519,-227.751820,79.952279,0.062307,-3.489535,1.128080,0.101674,0.999866,0.013814,-0.004011,0.007823,50.3636726521
37.391522,-228.151607,80.023327,0.104075,-3.446168,1.080052,0.023530,0.999895,0.013020,-0.005652,0.002992,50.3253718952
37.491609,-228.512651,80.041133,0.117760,-3.406364,1.088117,0.007909,0.999885,0.012418,-0.008658,-0.000915,50.2887039001
37.601544,-228.869430,80.045542,0.094369,-3.382824,1.182277,0.036873,0.999852,0.011719,-0.011370,-0.005352,50.2535052481
37.701554,-229.125365,80.000782,0.076728,-3.399665,1.332659,0.064019,0.999848,0.007759,-0.013344,-0.008055,50.1860908692
37.801600,-229.464490,80.135011,0.087459,-3.389669,1.341656,0.107258,0.999761,0.006414,-0.014199,-0.015322,50.1905966830
37.911622,-229.782685,80.234318,0.080525,-3.420008,1.392520,0.143934,0.999624,0.002340,-0.015307,-0.022638,50.1535690020
38.011699,-230.092570,80.322886,0.088005,-3.450144,1.396322,0.193490,0.999449,-0.001339,-0.014127,-0.030017,50.1176683180
38.111561,-230.432102,80.384883,0.094063,-3.488143,1.392161,0.170105,0.999232,-0.003469,-0.012117,-0.037110,50.0839554858
38.221567,-230.856713,80.427262,0.122901,-3.455770,1.506237,0.129960,0.998972,-0.007111,-0.010000,-0.043641,50.0533822899
38.321587,-231.246265,80.482102,0.148087,-3.410492,1.600928,0.102692,0.998642,-0.010858,-0.008692,-0.050201,50.0252758501
38.421852,-231.612075,80.569837,0.164622,-3.377998,1.643521,0.105052,0.998195,-0.013826,-0.008276,-0.057853,50.0009291602
38.531561,-231.985423,80.674792,0.166939,-3.277107,1.693301,0.112881,0.997618,-0.015684,-0.008058,-0.066683,49.9801460425
38.631554,-232.275546,80.771021,0.163191,-3.257151,1.815422,0.083158,0.996925,-0.019271,-0.009179,-0.075399,49.9612998403
38.741557,-232.595571,80.917473,0.168034,-3.230969,1.926107,0.091461,0.996057,-0.023281,-0.010902,-0.084915,49.9463865455
38.841554,-232.872567,81.065688,0.165503,-3.231058,1.988213,0.096638,0.995115,-0.026918,-0.012442,-0.094160,49.9328659721
38.951795,-233.185148,81.243319,0.164843,-3.235077,2.072204,0.108729,0.993932,-0.030312,-0.014237,-0.104770,49.9223659776
39.051552,-233.469908,81.412032,0.163196,-3.219420,2.154373,0.121845,0.992803,-0.033839,-0.015919,-0.113775,49.9124425666
39.151540,-233.753936,81.599061,0.160787,-3.197729,2.267817,0.129041,0.991639,-0.037060,-0.017066,-0.122422,49.9042277484
39.261568,-234.066022,81.835356,0.163909,-3.153692,2.420146,0.139142,0.990173,-0.041272,-0.016983,-0.132536,49.8986220043
39.361568,-234.339247,82.072205,0.158830,-3.123855,2.556913,0.104278,0.988550,-0.045528,-0.017884,-0.142744,49.8931712802
39.461689,-234.611562,82.327707,0.171203,-3.124554,2.669778,0.111675,0.986640,-0.050193,-0.018965,-0.153829,49.8895310283
39.571549,-234.925091,82.626805,0.180075,-3.171893,2.752933,0.192447,0.984417,-0.053690,-0.018454,-0.166436,49.8885335054
39.671569,-235.224367,82.932232,0.171391,-3.180800,2.904864,0.181835,0.982547,-0.057643,-0.016345,-0.176101,49.8855565278
39.781625,-235.573828,83.302315,0.187062,-3.176985,3.086827,0.148914,0.980357,-0.061209,-0.014201,-0.186954,49.8839726771
39.881635,-235.908541,83.667836,0.194024,-3.148100,3.229959,0.141014,0.978284,-0.064862,-0.011445,-0.196525,49.8816837221
39.981708,-236.237237,84.001186,0.207235,-3.284546,3.331047,0.132022,0.975306,-0.066266,-0.010644,-0.210413,49.8926655763
40.091650,-236.617515,84.380451,0.219050,-3.458894,3.449676,0.107459,0.971851,-0.066936,-0.009785,-0.225675,49.9054440461
40.191584,-236.979157,84.735539,0.227585,-3.618822,3.553244,0.085412,0.968582,-0.066606,-0.008825,-0.239448,49.9177420226
40.291599,-237.358322,85.104375,0.236502,-3.791067,3.687797,0.089154,0.965298,-0.065871,-0.008507,-0.252565,49.9313381598
40.391673,-237.756438,85.489374,0.248682,-3.978224,3.847146,0.121715,0.961937,-0.064845,-0.008149,-0.265341,49.9466828889
40.501736,-238.216738,85.931783,0.265450,-4.182142,4.019583,0.152345,0.958268,-0.062949,-0.006663,-0.278774,49.9656382167
40.601702,-238.652499,86.352141,0.274804,-4.359088,4.205007,0.093568,0.954975,-0.061202,-0.005488,-0.290253,49.9839725734
40.711683,-239.146565,86.841695,0.281230,-4.492309,4.451289,0.058431,0.951274,-0.060105,-0.005144,-0.302388,50.0069925135
40.811859,-239.611905,87.311343,0.287766,-4.645222,4.688224,0.065249,0.947931,-0.060577,-0.004891,-0.312622,50.0326474796
40.911889,-240.092610,87.802204,0.294070,-4.805610,4.907138,0.063019,0.944772,-0.061120,-0.004212,-0.321952,50.0622484129
41.021874,-240.641291,88.368665,0.295600,-4.988665,5.150326,0.013912,0.941654,-0.060325,-0.002656,-0.331122,50.0995297997
41.121708,-241.152944,88.907853,0.292907,-5.125062,5.400872,-0.026978,0.939007,-0.059040,-0.001870,-0.338787,50.1384435645
41.221728,-241.675438,89.472403,0.287684,-5.223871,5.644340,-0.052221,0.936570,-0.057508,-0.001679,-0.345727,50.1829883893
41.331700,-242.259951,90.122636,0.281395,-5.315133,5.912749,-0.057181,0.934220,-0.056571,-0.001742,-0.352178,50.2401405824
41.431936,-242.799158,90.740713,0.274392,-5.379346,6.166182,-0.069869,0.931059,-0.056266,-0.001404,-0.360500,50.3001195624
41.531754,-243.343565,91.381459,0.266578,-5.454035,6.419186,-0.078281,0.929234,-0.056545,-0.000992,-0.365139,50.3690401261
41.641691,-243.953837,92.118392,0.255569,-5.551089,6.703211,-0.100144,0.927599,-0.057188,-0.000393,-0.369175,50.4562158614
41.741724,-244.515828,92.812853,0.241860,-5.618029,6.942289,-0.137041,0.926401,-0.057251,-0.000091,-0.372160,50.5454388364
41.841734,-245.080233,93.528804,0.224184,-5.643488,7.158799,-0.176743,0.925303,-0.056875,-0.000266,-0.374939,50.6446859226
41.951996,-245.704186,94.341796,0.201637,-5.658846,7.373303,-0.204488,0.924312,-0.056071,-0.000722,-0.377496,50.7682649326
42.051713,-246.267808,95.096666,0.179978,-5.652229,7.570140,-0.217198,0.923678,-0.055658,-0.001202,-0.379105,50.8944076900
42.151755,-246.830127,95.873370,0.157464,-5.620816,7.763761,-0.225048,0.923028,-0.055568,-0.001568,-0.380696,51.0353843578
42.261724,-247.445793,96.747543,0.131602,-5.598562,7.949291,-0.235179,0.922792,-0.055626,-0.001849,-0.381257,51.2085132641
42.361754,-248.004726,97.558889,0.107163,-5.587616,8.110970,-0.244315,0.922411,-0.055688,-0.001949,-0.382169,51.3843460108
42.461963,-248.561864,98.390334,0.081365,-5.559782,8.297148,-0.257436,0.922148,-0.055678,-0.001869,-0.382806,51.5790544414
42.571790,-249.169812,99.323544,0.050747,-5.535482,8.497063,-0.278783,0.921787,-0.055771,-0.001827,-0.383660,51.8148927636
42.671749,-249.719811,100.190461,0.020929,-5.502239,8.672706,-0.298302,0.921600,-0.055871,-0.001930,-0.384095,52.0514622677
42.781824,-250.321817,101.166050,-0.013543,-5.469091,8.863011,-0.313171,0.921525,-0.055922,-0.001913,-0.384266,52.3380675180
42.881790,-250.865834,102.069471,-0.046271,-5.441980,9.037208,-0.327396,0.921529,-0.055968,-0.001778,-0.384252,52.6240004163
42.981866,-251.403553,102.987542,-0.080567,-5.373154,9.173819,-0.342703,0.921538,-0.056008,-0.001989,-0.384224,52.9336770555
43.091830,-251.984457,104.010232,-0.119554,-5.282645,9.300174,-0.354534,0.921531,-0.055861,-0.002515,-0.384258,53.3040251952
43.191792,-252.506021,104.952960,-0.156189,-5.217650,9.430917,-0.366498,0.921547,-0.055768,-0.002712,-0.384230,53.6719520622
43.291784,-253.021138,105.909665,-0.194514,-5.151553,9.567766,-0.383273,0.921573,-0.055794,-0.002614,-0.384166,54.0702879067
43.401807,-253.578193,106.977994,-0.238211,-5.063107,9.710109,-0.397168,0.921588,-0.057431,0.001310,-0.383894,54.5450469944
43.501891,-254.077011,107.963004,-0.278953,-4.983998,9.841828,-0.407077,0.921614,-0.057482,0.001283,-0.383825,55.0132679728
43.611951,-254.616455,109.062345,-0.325598,-4.901321,9.988486,-0.423813,0.921627,-0.057637,0.001363,-0.383770,55.5689669056
43.711787,-255.098263,110.072790,-0.369175,-4.826036,10.121121,-0.436486,0.921638,-0.057662,0.001325,-0.383740,56.1132715298
43.811983,-255.573835,111.100077,-0.414177,-4.746419,10.252788,-0.449143,0.921652,-0.057720,0.001361,-0.383698,56.6993710108
43.921856,-256.086068,112.242585,-0.465175,-4.662007,10.398355,-0.464148,0.921667,-0.057774,0.001388,-0.383654,57.3899402085
44.021816,-256.544519,113.295421,-0.512790,-4.586378,10.532651,-0.476350,0.921687,-0.057780,0.001359,-0.383604,58.0652739561
44.121847,-256.995480,114.362236,-0.561935,-4.508187,10.664779,-0.491294,0.921684,-0.057843,0.001384,-0.383602,58.7872562292
44.231843,-257.481850,115.551251,-0.617400,-4.421705,10.809623,-0.504241,0.921720,-0.057819,0.001423,-0.383520,59.6369596182
44.331838,-257.916327,116.645575,-0.669183,-4.344988,10.943800,-0.517861,0.921742,-0.057903,0.001453,-0.383455,60.4638825122
44.431899,-258.343312,117.753993,-0.722435,-4.267249,11.077419,-0.532188,0.921748,-0.057951,0.001486,-0.383433,61.3450631656
44.541844,-258.802907,118.987755,-0.782292,-4.180254,11.221686,-0.544433,0.921765,-0.057916,0.001498,-0.383397,62.3775885695
44.641793,-259.215678,120.120048,-0.837775,-4.129787,11.328654,-0.555115,0.921784,-0.058001,0.001549,-0.383338,63.3784640815
44.741868,-259.614369,121.260234,-0.894165,-3.983921,11.393300,-0.563468,0.921802,-0.058054,0.001547,-0.383287,64.4391159185
44.851828,-260.042929,122.529096,-0.957716,-3.897426,11.539347,-0.577954,0.921804,-0.058075,0.001544,-0.383277,65.6813498073
44.952006,-260.425517,123.698306,-1.016887,-3.819090,11.671343,-0.590660,0.921818,-0.058106,0.001582,-0.383240,66.8851259410
45.051875,-260.799277,124.877296,-1.077249,-3.742489,11.805307,-0.604407,0.921835,-0.058139,0.001575,-0.383195,68.1558138113
45.161890,-261.201552,126.192239,-1.145531,-3.656531,11.952363,-0.620663,0.921828,-0.058191,0.001603,-0.383203,69.6393670142
45.261881,-261.559294,127.400539,-1.208765,-3.577760,12.084139,-0.632397,0.921853,-0.058245,0.001611,-0.383134,71.0698699505
45.371894,-261.941593,128.744368,-1.279991,-3.475027,12.215154,-0.647433,0.921864,-0.058345,0.001657,-0.383093,72.7342819426
45.471923,-262.281418,129.979499,-1.346030,-3.397293,12.347812,-0.660195,0.921888,-0.058409,0.001667,-0.383024,74.3376598322
45.571869,-262.613090,131.226999,-1.413368,-3.318506,12.481715,-0.673743,0.921908,-0.058430,0.001676,-0.382974,76.0270942868
45.681890,-262.968698,132.616466,-1.489303,-3.232162,12.629047,-0.690182,0.921937,-0.058485,0.001747,-0.382896,77.9903055394
45.781930,-263.284273,133.893238,-1.559575,-3.154506,12.762698,-0.702443,0.921962,-0.058538,0.001725,-0.382826,79.8766629548
45.881891,-263.591726,135.182480,-1.631248,-3.075722,12.897384,-0.717007,0.921990,-0.058589,0.001743,-0.382751,81.8600264026
45.992076,-263.918679,136.617385,-1.711686,-2.967312,13.022730,-0.730036,0.922007,-0.058635,0.001792,-0.382704,84.1621892772
46.091901,-264.207104,137.930830,-1.785907,-2.889313,13.157504,-0.743506,0.922017,-0.058701,0.001788,-0.382669,86.3621108280
46.191945,-264.488253,139.260564,-1.861654,-2.810252,13.291466,-0.757140,0.922033,-0.058753,0.001821,-0.382623,88.6776259590
46.301946,-264.787788,140.738688,-1.946378,-2.723023,13.437398,-0.770212,0.922054,-0.058797,0.001789,-0.382565,91.3548150218
46.401943,-265.052226,142.095975,-2.024851,-2.644461,13.573273,-0.784755,0.922061,-0.058859,0.001808,-0.382539,93.9156897414
46.502008,-265.308959,143.467603,-2.104653,-2.565654,13.707311,-0.797491,0.922102,-0.058904,0.001798,-0.382432,96.6026621518
46.611975,-265.581608,144.991153,-2.193942,-2.479383,13.854678,-0.811974,0.922136,-0.058981,0.001771,-0.382340,99.7018804839
46.711919,-265.821512,146.389290,-2.276487,-2.400381,13.989202,-0.825903,0.922152,-0.059033,0.001829,-0.382293,102.6605569849
46.821951,-266.076047,147.944847,-2.368902,-2.313281,14.137321,-0.839897,0.922155,-0.059123,0.001784,-0.382271,106.0756000514
46.922081,-266.299777,149.374009,-2.454417,-2.234387,14.273027,-0.854036,0.922182,-0.059198,0.001807,-0.382195,109.3363102623
47.022027,-266.515209,150.813897,-2.541067,-2.155486,14.406668,-0.866971,0.922181,-0.059242,0.001810,-0.382189,112.7397291166
47.131990,-266.742704,152.414503,-2.638122,-2.068832,14.555824,-0.882611,0.922214,-0.059302,0.001810,-0.382102,116.6590200685
47.231971,-266.941595,153.883334,-2.727678,-1.989296,14.691158,-0.895731,0.922210,-0.059341,0.001819,-0.382104,120.3921558679
47.331996,-267.132718,155.366280,-2.818685,-1.910746,14.825740,-0.909841,0.922251,-0.059431,0.001812,-0.381991,124.2915132031
47.442242,-267.333820,157.017358,-2.920804,-1.824117,14.976233,-0.926287,0.922270,-0.059449,0.001830,-0.381943,128.7836138934
47.541967,-267.507830,158.524283,-3.014413,-1.744895,15.110819,-0.938669,0.922287,-0.059491,0.001828,-0.381895,133.0344646413
47.641976,-267.673395,160.048451,-3.110180,-1.655505,15.240309,-0.957582,0.922277,-0.059563,0.001749,-0.381908,137.4775500719
47.751983,-267.844222,161.739271,-3.217443,-1.552881,15.370182,-0.975060,0.922189,-0.059556,0.001529,-0.382124,142.5777111711
47.851971,-267.989438,163.287356,-3.316004,-1.452332,15.482711,-0.985725,0.922165,-0.059020,0.001504,-0.382265,147.4200391611
47.962230,-268.137013,165.008626,-3.425178,-1.338430,15.611038,-0.990160,0.922057,-0.059006,0.001414,-0.382528,152.9898211327
48.062038,-268.260905,166.578007,-3.524797,-1.241317,15.724139,-0.998106,0.921894,-0.059076,0.001434,-0.382909,158.2508619167
48.162019,-268.375240,168.161651,-3.625947,-1.143564,15.839397,-1.011689,0.921716,-0.059056,0.001462,-0.383340,163.7329616417
48.271985,-268.489088,169.917827,-3.738918,-1.035302,15.970211,-1.027328,0.921478,-0.059078,0.001471,-0.383909,170.0121922891
48.371954,-268.582810,171.526021,-3.843059,-0.937504,16.086805,-1.041730,0.921216,-0.059229,0.001392,-0.384515,175.9614414878
48.471998,-268.667007,173.146253,-3.948605,-0.841606,16.195326,-1.055005,0.920952,-0.059356,0.001322,-0.385126,182.1479989191
48.582051,-268.746910,174.941445,-4.066309,-0.726044,16.312076,-1.069522,0.920048,-0.059318,0.001274,-0.387288,189.2267556446
48.682023,-268.807330,176.582243,-4.173933,-0.604363,16.412464,-1.076535,0.919641,-0.059249,0.001053,-0.388265,195.9217090740
48.782074,-268.854366,178.231933,-4.283056,-0.470121,16.488537,-1.090670,0.919155,-0.059243,0.000565,-0.389415,202.8734528426
48.892035,-268.887953,180.052194,-4.404195,-0.305443,16.553708,-1.101654,0.918520,-0.059151,-0.000145,-0.390926,210.8102670720
48.992168,-268.902696,181.713752,-4.515415,-0.147235,16.593472,-1.110727,0.917855,-0.059075,-0.000868,-0.392494,218.3226486069
49.091999,-268.900288,183.373440,-4.625646,0.024116,16.625064,-1.104184,0.917189,-0.058977,-0.001451,-0.394060,226.0907583459
49.201977,-268.877942,185.205761,-4.748133,0.203189,16.660697,-1.113730,0.916376,-0.059217,-0.001346,-0.395913,234.9670667469
49.301996,-268.841417,186.874786,-4.860320,0.365177,16.687077,-1.121655,0.915630,-0.059152,-0.000980,-0.397645,243.3492273150
49.412077,-268.781164,188.716684,-4.985405,0.547354,16.732169,-1.136295,0.914679,-0.058940,-0.000868,-0.399859,252.9151416535
49.512162,-268.709243,190.395311,-5.100248,0.718608,16.772136,-1.147471,0.913684,-0.059249,-0.001252,-0.402081,261.9410589631
49.612060,-268.621727,192.074488,-5.214613,0.876047,16.808871,-1.144812,0.912618,-0.059753,-0.001352,-0.404421,271.2693498379
49.722018,-268.508820,193.924429,-5.340299,1.026822,16.824112,-1.143038,0.911393,-0.060143,-0.001034,-0.407116,281.9044571218
